-- MySQL dump 10.13  Distrib 5.5.27, for Linux (i686)
--
-- Host: localhost    Database: vecchiaposta
-- ------------------------------------------------------
-- Server version	5.5.27

/*!40101 SET @OLD_CHARACTER_SET_CLIENT=@@CHARACTER_SET_CLIENT */;
/*!40101 SET @OLD_CHARACTER_SET_RESULTS=@@CHARACTER_SET_RESULTS */;
/*!40101 SET @OLD_COLLATION_CONNECTION=@@COLLATION_CONNECTION */;
/*!40101 SET NAMES utf8 */;
/*!40103 SET @OLD_TIME_ZONE=@@TIME_ZONE */;
/*!40103 SET TIME_ZONE='+00:00' */;
/*!40014 SET @OLD_UNIQUE_CHECKS=@@UNIQUE_CHECKS, UNIQUE_CHECKS=0 */;
/*!40014 SET @OLD_FOREIGN_KEY_CHECKS=@@FOREIGN_KEY_CHECKS, FOREIGN_KEY_CHECKS=0 */;
/*!40101 SET @OLD_SQL_MODE=@@SQL_MODE, SQL_MODE='NO_AUTO_VALUE_ON_ZERO' */;
/*!40111 SET @OLD_SQL_NOTES=@@SQL_NOTES, SQL_NOTES=0 */;

--
-- Table structure for table `slider`
--

DROP TABLE IF EXISTS `slider`;
/*!40101 SET @saved_cs_client     = @@character_set_client */;
/*!40101 SET character_set_client = utf8 */;
CREATE TABLE `slider` (
  `id` int(10) unsigned NOT NULL AUTO_INCREMENT,
  `titolo` varchar(50) DEFAULT NULL,
  `descrizione` text,
  `effetto` text,
  `width` int(11) DEFAULT NULL,
  `height` int(11) DEFAULT NULL,
  PRIMARY KEY (`id`)
) ENGINE=InnoDB DEFAULT CHARSET=latin1;
/*!40101 SET character_set_client = @saved_cs_client */;

--
-- Dumping data for table `slider`
--

LOCK TABLES `slider` WRITE;
/*!40000 ALTER TABLE `slider` DISABLE KEYS */;
/*!40000 ALTER TABLE `slider` ENABLE KEYS */;
UNLOCK TABLES;

--
-- Table structure for table `sys_entities`
--

DROP TABLE IF EXISTS `sys_entities`;
/*!40101 SET @saved_cs_client     = @@character_set_client */;
/*!40101 SET character_set_client = utf8 */;
CREATE TABLE `sys_entities` (
  `name` varchar(50) NOT NULL,
  `content_name` varchar(50) DEFAULT NULL,
  `owner` varchar(1) DEFAULT NULL,
  `forum` varchar(1) DEFAULT NULL,
  `forum_moderator` int(10) unsigned NOT NULL,
  `moderator_group` int(10) unsigned NOT NULL,
  `priviledged_group` int(10) unsigned NOT NULL,
  PRIMARY KEY (`name`)
) ENGINE=InnoDB DEFAULT CHARSET=latin1;
/*!40101 SET character_set_client = @saved_cs_client */;

--
-- Dumping data for table `sys_entities`
--

LOCK TABLES `sys_entities` WRITE;
/*!40000 ALTER TABLE `sys_entities` DISABLE KEYS */;
INSERT INTO `sys_entities` VALUES ('slider','slider','','',0,0,0),('sys_entities','sys_entities','','',0,0,0),('sys_file','sys_file','','',0,0,0),('sys_group','sys_group','','',0,0,0),('sys_image','sys_image','1','',0,0,0),('sys_image_slider','sys_image_slider','','',0,0,0),('sys_log','sys_log','','',0,0,0),('sys_menu','sys_menu','','',0,0,0),('sys_news','sys_news','1','',0,0,0),('sys_page','sys_page','1','',0,0,0),('sys_section','sys_section','','',0,0,0),('sys_service','sys_service','','',0,0,0),('sys_servicecategory','sys_servicecategory','','',0,0,0),('sys_service_sys_group','sys_service_sys_group','','',0,0,0),('sys_user','sys_user','','',0,0,0),('sys_user_sys_group','sys_user_sys_group','','',0,0,0);
/*!40000 ALTER TABLE `sys_entities` ENABLE KEYS */;
UNLOCK TABLES;

--
-- Table structure for table `sys_file`
--

DROP TABLE IF EXISTS `sys_file`;
/*!40101 SET @saved_cs_client     = @@character_set_client */;
/*!40101 SET character_set_client = utf8 */;
CREATE TABLE `sys_file` (
  `id` int(10) unsigned NOT NULL AUTO_INCREMENT,
  `filename` varchar(255) NOT NULL,
  `data` longblob NOT NULL,
  `size` int(11) DEFAULT NULL,
  `filetype` varchar(255) NOT NULL,
  PRIMARY KEY (`id`)
) ENGINE=InnoDB DEFAULT CHARSET=latin1;
/*!40101 SET character_set_client = @saved_cs_client */;

--
-- Dumping data for table `sys_file`
--

LOCK TABLES `sys_file` WRITE;
/*!40000 ALTER TABLE `sys_file` DISABLE KEYS */;
/*!40000 ALTER TABLE `sys_file` ENABLE KEYS */;
UNLOCK TABLES;

--
-- Table structure for table `sys_group`
--

DROP TABLE IF EXISTS `sys_group`;
/*!40101 SET @saved_cs_client     = @@character_set_client */;
/*!40101 SET character_set_client = utf8 */;
CREATE TABLE `sys_group` (
  `id` int(10) unsigned NOT NULL AUTO_INCREMENT,
  `name` varchar(50) DEFAULT NULL,
  `description` text,
  PRIMARY KEY (`id`)
) ENGINE=InnoDB AUTO_INCREMENT=2 DEFAULT CHARSET=latin1;
/*!40101 SET character_set_client = @saved_cs_client */;

--
-- Dumping data for table `sys_group`
--

LOCK TABLES `sys_group` WRITE;
/*!40000 ALTER TABLE `sys_group` DISABLE KEYS */;
INSERT INTO `sys_group` VALUES (1,'Administrator','Administration Group.');
/*!40000 ALTER TABLE `sys_group` ENABLE KEYS */;
UNLOCK TABLES;

--
-- Table structure for table `sys_image`
--

DROP TABLE IF EXISTS `sys_image`;
/*!40101 SET @saved_cs_client     = @@character_set_client */;
/*!40101 SET character_set_client = utf8 */;
CREATE TABLE `sys_image` (
  `id` int(10) unsigned NOT NULL AUTO_INCREMENT,
  `owner` varchar(50) DEFAULT NULL,
  `filename` varchar(255) NOT NULL,
  `data` longblob NOT NULL,
  `size` int(11) DEFAULT NULL,
  `filetype` varchar(255) NOT NULL,
  PRIMARY KEY (`id`)
) ENGINE=InnoDB AUTO_INCREMENT=6 DEFAULT CHARSET=latin1;
/*!40101 SET character_set_client = @saved_cs_client */;

--
-- Dumping data for table `sys_image`
--

LOCK TABLES `sys_image` WRITE;
/*!40000 ALTER TABLE `sys_image` DISABLE KEYS */;
INSERT INTO `sys_image` VALUES (5,'admin','gabbialogicadovesiamo.png','iVBORw0KGgoAAAANSUhEUgAABP8AAAWjCAYAAACnpZRjAAAgAElEQVR4nOydeZwU1bm/x2jcAQFZB2ZgZBGEQYa9h52RTRBQQUQUBG0E2bdB1mEfQHBEQVGjRuONcqNZvBINyb2SDb3iQm6u+nMkRkM0etWsapQk7++PYYbu6aruc6qr+tTpeZ7P5/lD6el+6/Sp03W+daoqR0JEYWGhLFy4UMrLyxEREbPO/Px8mTZtmixZsiTOxYsXy/Tp0x0dP368jB07NsGSkhIpLi5OsE+fPnLJJZc42qpVK0cbNmwo9erVS/Css86SnJycBE8//XQ5//zz07Jx48bSrFmztGzbtq0UFBQYtWXLlmlvR7pt6fY9fe1rX3P8XuvVqyctW7Z07AsdOnRw7Dvdu3d37G8DBgxw7J9jx46VqVOnOvbpW2+9NWEfWLJkiTRs2FAWLFhgfD/F7LFTp04ya9Ys43UgImL22qxZMzl69KjpOC0lOaYLiKWwsNCKRgMAAPBCtvzOnThxQj799NO0PH78uBw7diwtX375ZTly5IhR33zzzbS24Te/+U3abfnZZ5+Z7hK+kC37B4SHgQMHyqFDh0yXAQAAWUyXLl2sOH4h/AMAAMgQ/M4BuMP+AX5D+AcAAEFD+OcBDvoA4vnjnz+Xn//3b+TBb78oex76udz14M9k7zd/IQd+8rq8894npssDAE34nQNwh/0D/IbwDwAAgobwzwNBH/TZGqTYULcNNToRxrr/75O/yX3fOixX3/yw5PVcL7lFZa4Wj9stG3Y9J6/9+vdGagUAPQg3ANxh/wC/IfwDAICgIfzzQBAHfbYGKTbUbUONNtX92edfScX9h6Rj/y01n9+qR5m0H75bOl/1oHSd8qh0nfKodLnmm9JxzD2S13dzXK03LX1Cjv3248DrBADvEG4AuMP+AX5D+AcAAEFD+OcBPw/6bA1SbKjbhhptq/u1X/9eeo3aVfNZ7UfeJb1u+b4M3nBYhpUfcXTo1pek3+JnpcvEh6RVrw2SW1Qm+b03yD2P/CKQGgEgfQg3ANxh/wC/IfwDAICg6dq1qxXHL1kZ/tkapNhQtw012lb3k88clYK+myS3qEwKhuyUvgt+6FqTmwPX/FQ6jb9fcntUbd/cVU/KF38/4WudAJA+hBsA7rB/gN8Q/gEAQNAQ/nnAj4M+W4MUG+q2oUbb6v7mv79UE0h2mfSwDNvyknZtsfae94zk9a7a1onRh+XEiX/60IIA4BeEGwDusH+A3xD+AQBA0BD+eSDdgz5bgxQb6rahRtvqPnzkt5Lfe4Pk9iiTopufTKuuWPuv/C/JLy6X3KIyWb39gI+tCQDpQrgRw4Go5OTknDQiFZWp/qBSKiI5NX8TDWh4OxBVrQf8hv0D/IbwDwAAgobwzwPpHPTZGqTYULcNNdpW9x8++osUDtsuuUVlUjjlW77VVm3x8h9Lq55Vlyp/5z/CPxAB1BUIN2KIC/9yJJIqbauskEgO4V82w/4BfhPa8K/WeOZmUONcRqmskEhWbAgAgDOEfx7wetBna5BiQ9021Ghj3YvLvie5RWXSYfReGbo1vdWIbvac9V3JLSqTbiU75K+ffelb2wKAdwg3YqgO/yKRqklwpEKS5W2VFZGMTIoJ/8zB/gF+Y3v4l6MwNoaa6nGe8A/AnZjxwNiuEoYaLIbwzwNeD/psDVJsqNuGGm2r+1dvvC+te66X1r03yqB1Pw+ktmo7jLpbcovKZOtdP/alXQEgPQg3YqiZFFacvJw3WeB28pLfSFSiEcK/bIX9A/wm9OFfsmAvZjKecmV0WCH8A0hJ3MlNQ/tKGGqwGVuOX6wP/2wNUmyo24Yabax7/pqnqu5BOPmRQGsbVl61QjG3R5l07L+Fp/8ChABbDg4yQsyksPqg03WCe3ISHKk4UHPfP6dj09qrA91WzVQFfFE5IAckWuu+g47hX7Iz4g4reJxqS/aZUAX7B/iN1eGfSMwKaUtX/xH+AaSg+pggIpGUJ0KzuQa7seX4xfrwz9YgxYa6bajRtrpPnPindB5cdb/AgasPBV7fsPIjclHJHZJbVCY/OvT/0mpXAEgfWw4OMkLspDDFRLgq1ItIRWWlS/gX/zCQRKMS+/LqIC4aTQwJE8O/U2Fd7fmrY9jocuY82WdCFewf4DfWh38148+pMUzpRILSSYnKuFXXB2LHpqST/9jPdR5jT9WZfFxUPWEDkLXonAjN5hosx5bjF6vDP1uDFBvqtqFGG+t+/pdvS25RmRQM3ZWR2oaVH5FLpz8uuUVlsmjd9zy3KwD4gy0HBxkhbkVIZZJLf6sv+a2QSnEO/2omkAmTRufg7tSkNPHz4sO/U5+XcCBcM7muPel1rjHZZ0IV7B/gN9kc/rmdSFA/KZHqpEniWJX0vWuNk8nDP70TNgDZSvV+UrVrJO7vungJ1MNQg+3Ycvxidfhna5BiQ9021Ghj3Zt3H6x6CMl1Hh9CsmyJNMi5Ui7V+Jv+t/2X5BaVSe/Rd3huVwDwB1sODjJCrcvBXM8211zyWynOwVqy4ND5fWsmpQ6XosWGf9WvczoDnvzegCcPnmMOdpN9JlTB/gF+Y33453DZb9ITCVonJeIDOMf/H3+WxfUehKcm+7VqcrnsV/eEDUBW4rC/JjvuSPFm3gL1MNSQBdhy/GJ1+GdrkGJD3TbUaGPdMxdXBYW95z7tob7dkpuTIzma9Q3dekRa9dogrXqUyedffOW5bQEgfWw5OMgItSeFLpNht5V4qSaGtc88O4V/yUK9aDSSJKxLdYCbeKDr/WC67sD+AX5jdfhXPUa6rSJOcfLC4Q1rnZRIsrLZIbRLNYbVjLnxxSZZcah+wgYgG3Hs6x7v8+k1UA9DDdmALccvVod/tgYpNtRtQ4021n3F9Ackt6hM+i07qFVbZGyh5OTkSIPeV2qHk8PKj0ibAdskt6hM3j3+R0/tCgD+YMvBQUZImBQ6TQhPHjA6XCqmdf89l/DP/cEcsTpNUJ3ueaUW/mXrga8fsH+A34Q+/FPR8f6hTuGY7kmJJCdTEsLJ5IHdycoSLxfUeOBHshM2ANnHqYdsxHd19ZOciX+jG6iHoYbswJbjF6vDP1uDFBvqtqFGG+sefu29kltUJsUr/lOvvht3S6T8iKeVicPKj0jB4Nslt6hM/t/bH3lqVwDwB1sODjKCw6Qw4eDw5GucLkdzvOefw8Qx2WW/ycK/SEXlqSDQ9Sy2+iUshH+pYf8Av7E7/HOeRLuPJbonJZJM1hPCP5UxTy/80zlhA5B1JFld57iK1gMpA/Uw1JAl2HL8YnX4Z2uQYkPdNtRoY91ew8kaPdbHyj+AcGDLwUFGcJoU1ppwnnqqZc0LHMI/tzPX1W/pJfw7+V4xE/T41yb/TOfNJfxLBfsH+E3owz8PN8FPHf6pnpQwF/7pnrAByDYcH4ijeALADd1APQw1ZAu2HL9YHf7ZGqTYULcNNdpYd3qXJXurj3v+AYQHWw4OMkLKe0HVvuQ39t9jJr5JJ9HO97RSDv8k9kA2ftKb9AEeDjUR/qWG/QP8pm6Gf6qTdZ3wT+GyX6dtchzn9U/YAGQVGpf9q+4H2oF6GGrIImw5frE6/LM1SLGhbhtqtLHusD+QBACCxZaDg4zgdjnYyf8fiUQcJrjJVv65rc5LDOl0wj/Xm+LH3Iw//mD21OeqBo5QBfsH+E3dCv90T0rohH8+PvDDwwkbgGxC6ZLammMMlZW8+oF6GGrIJmw5frE6/LM1SLGhbhtqtLHuX7z0juQWlUnB4NszVl+3G74tuUVlsmzjDzy3KwD4gy0HBxnB9V5QsaFd7QNO53v+KV264jn8i6m11v9PenmL41OLCf+Swf4BflPXwj+9kxJ64V/cSiHXy3hrvZfjduqfsAHIHlRX6GoE4dqBehhqyC5sOX6xOvyzNUixoW4barSx7hMn/imdB5dLblGZDFx9KCP1XVRyh+QWlcmPDv0/z+0KAP5gy8FBRkhyI3j31St6T/uNVFTGTFjVnrzrGP4lq8nh0hmng1vCv9Swf4Df1LnwT3ROSmiGf6ne22nsqz0+nixa94QNQNaQ5CEbtanZ31K+VjNQD0MNWYYtxy9Wh3+2Bik21G1DjbbWPX/NU5JbVCZdJj0ceH39lvxIcovKpGP/LfLF3094blcA8AdbDg4ATMD+AX5TF8O/uPdPelJCP/w7WYHDU4XdLwuMCwxj3k/nhA1AtqB3ItAtUHN/X5VAPQw1ZBu2HL9YHf6J2Buk2FC3DTXaWPfbv/1Y8k/eI7D/yuf1a1R166lgctd9z6fVpgDgD7YcHACYgP0D/Ca04R8A1D08BNtK9+ar/dpkgXoYalD8XJuw5fjF+vDP1iDFhrptqNHWuheXfU9yi8qkw+i9MnRrMPX1mPVdyS0qk24lO+Svn32ZdrsCQPrYcnAAYAL2D/Abwj8AAAgaW45frA//ROwNUmyo24Yabaz7Dx/9RQqHbZfcojLpOuVR32srXv5jad1rg+QWlcm/P/2aL20KAOljy8EBgAnYP8BvCP8AACBobDl+yYrwz9YgxYa6bajR1rp/eeQdye+9QXJ7lEnRzU/6V1vpTyS/eKvkFpXJ6m3ZuLAawF5sOTgAMAH7B/gN4R8AAASNLccvWRH+idgbpNhQtw012lr3w/v/W3KLyk7do3DLS2nV1nvu09K690bJLSqTidGH5cSJf/rUmgDgB7YcHACYgP0D/IbwDwAAgsaW45esCf9E7A1SbKjbhhptrfvJZ45KQd9NkltUJgVDdkrfBT/Urmvgmp9Kp/H3S26Pqm2dt/opnu4LEEJsOTgAMAH7B/gN4R8AAASNLccvWRX+idgbpNhQtw012lr3a7/+vfQefUdNUNl+5F3S65bvy+ANh11rGrr1Jem3+FnpMvEhaXXyEuT83hvk3kd/6VtdAOAvthwcAJiA/QP8hvAPAACCxpbjl6wL/0TsDVJsqNuGGm2t+4u/n5C93/yFdBmyrabOVj3KpP3w3dL5qgel65RHpeuUR6XLNd+UjmPukby+m2te17rnepm/5il59/ingdQGAP5gy8EBgAnYP8BvCP8AACBobDl+ycrwT8TeIMWGum2o0ea6//LXv8t93zosV9/8sOT1XF9Tg5PF43bLhl3PyRuVHwZeFwCkjy0HBwAmYP8AvyH8AwCAoLHl+CVrw79qbA1SbKjbhhptr/vPf/lCfv7fv5GHnvhv2fPQz2XPQz+Xex/9pRz4yeus8gOwEFsODgBMwP4BfkP4BwAAQWPL8UvWh3+x2Bqk2FC3DTU6YWvdAGAnthwcAJiA/QP8hvAPAACCxpbjlzoV/gEAAJiE3zkAd9g/wG8I/wAAIGhsOX4h/AMAAMgQ/M4BuMP+AX5D+AcAAEFjy/EL4R8AAECG4HcOwB32D/Abwj8AAAgaW45fCP8AAAAyBL9zAO6wf4DfEP4BAEDQ2HL8QvgHAACQIbLld+7EiRPy6aefpuXx48fl2LFjafnyyy/LkSNHjPrmm2+mtQ2/+c1v0m7Lzz77zHSX8IVs2T8gPBD+AQBA0Nhy/BK68G/hwoVSXl6u7c6dO2Xfvn2efPDBB2X//v2e/O53vysHDx705PPPP+95snH06FHPE4333nvP8wTjr3/9q+luAgBgLYWFhTJjxgwpLS2Nc/ny5RKNRh2dPHmyTJw4McExY8ZISUlJgoMGDZIePXo4WlBQ4GiTJk2kYcOGCZ5zzjmSk5OT4BlnnOH4eh1zc3Nd61G1qKjIdVszZceOHdPahrZt26bdlueee67j93T66ae7/k2bNm0c6+natavjdvbr18+xvw0fPtyxf06cOFFmzpzp2KcXLlyYsA+UlpZKkyZNrDh4BnsYOHCgzJo1K27OsH37dsf5gNNx/rPPPptw/H748OGE4/LXX3894Xj7+PHjHEcDAATAV199lTC+fvzxx47Zh1OW8pOf/CRhbH/qqacSfgMefvjhhN+KO++8MyGLat68uRXHL6EK/77//e9Lq+bNZWZRkZT276/lon79JNqzp0R795Zonz5aTu/ZUyYWFp6ye3dlxxUWSknHjvFefLGUdO6c0oEdOkiP/Hxn27SRHm3butq1dWspaNo0uc2aOdqqcWNpeP75njzv7LMdJxgqfv2MM6RhvXqebNqwoRTk5nqyY36+9Ojc2XeH9u0rJZGIr44ZOlQmjhnjq5PGjpXotGm+u3DOHCldssRXV5aWegr/U7lnzx7PJweCOGkQpE4TFdOmc6IjSN966620V57pumfPHlm+fHmCpaWlsnnzZikvL5c77rgjzvvvv18eeuihBL/97W/Ld7/73QSffvpp+c///E9HX3nlFUffeust+c1vfpPg+++/n/aqtKBkEp2af/zjH67t98477zj20V/96leO+8svf/lLx/37ueeecx2PHnjgAcfx84477nAcq7dv3y5ffPGF0TZzmlCgsx9++GHGx1AVX3311Zp+u2fPHrnxxhvjnDZtmlx99dUJDh8+XEaMGBFncXGx9OvXTyKRSI2XXnqpdOnSJc527dpJ69atpXXr1pKXlyd5eXnSrFkzadCgQZxOQf3pp5+e8LoGDRrUvE+sXbt2lcLCQkf79OkjgwYNcnTYsGEyfvx4R8eNGyfTpk2TGTNmODp37lxZunSpoytWrEh6/LV3717X46hHHnlE+xjnmWee0T4GefHFF7WPD3T73DvvvJORfe7zzz83Oj76yb/+9a+MtNkHH3yg/X3+z//8j3afef7557X75ne+8x2t/v/EE08knZvs3LnTdV9ct26dLFy40NEFCxbIlClT4rwuxrFjxsiI4cMdHTJ4sPTu2TPOPr161dixfXtXW7VsKc2bNYuzUcOGcv5558V51plnOo6b5517rpx3zjly7knPP/dcadqokTRt1EiaXHCBXHjS/ObNJb95c8lr3lxaN20qrZs2lfatWkmH1q2lQ6tW0iE3Vzq2bCmF+fnSvW3bGrvl5UmPNm2kT0FBvPn50r+gQPoXFEjX3FzpXlgoW7ZskS+//NL0bpWSUIV/IiKFHTrI0RkzRFaswCzzy2XL5NOFCz35h3nz5Ngtt3jyzWhUjkyf7rs/ufZaOTh5sq8+ffXVsn/8eF99Yvx42TdypO/eMWyYlA8e7KubBw2S0r59fXdOr15VJwd89MaioviTBpmyW7ekJyRGdOqUeELCDxVPajg5qGNH9xMdqUxxIiQd2zdv7ukESpC2vvBCzydn6prnu6xKREzHr59xhvG+bYtNL7jAyDhZ0KxZ0rH70vz8YH432rTx/FvWt6DA9Tdy2MnfydoWt2t3yoICKS4okD5t2kjv/HxHe+blSVHr1o52b9VKurZsmWCf/Hzp17at9MzLkx6tWyfaqpVc2rKldG3RwtEuzZvLxU2auNqhWTPp0Ly5o+2bN5d2LVok2L5FC+nUsmWNnXNzpUt+vnTJz5eOublyUYsWrnZo1SrBvKZNpXWTJpLftGmNbZo3l7ZJbHrBBVU2bCjNGjVytXmjRtKicWNp1qiR1Dv33MB1CkFs9bTTTpMG550XuE0uuEDymjSRvFp9wNEmTSS/SZOaIKjabvn50r1Nm1Pm5SXYv317GXLxxfF27ChDOnRwPba+6tJLq47fL71UaQ4wqbAw6dxkcZ8+rnOhNcXFSedgyeZ8j11xhes883tXXZV0bptsLv3GzTcnzNvfnzs3IQf4bMkS4zmGm98YPVpmTJ1qOkJThvAPERERERERERFR0QdGjZKZ119vOkJThvAPERERERERERFR0ftGjpSbp00zHaEpQ/iHiIiIiIiIiIio6L6RIyV6442mIzRlCP8QEREREREREREVvXfkSJk1Y4bpCE0Zwj9ERERERERERERF7xkxQm6ZOdN0hKYM4R8iIiIiImId8u/LliU8VTPTfrJwYcLTPk14dMaMpE8lrUu+HYLv44N584z3zb8sXmx8H8Xwu3fECJl9002mIzRlCP8QERERETFQn5k4UUr79lWzXz8p7d9fZvfqJdGePVPbp49E+/SR6T17ysTCwuR27x7n8IsvlpKOHZ3t1ElKOneOc2CHDtIjPz/Rtm1dbdesmRQ0bXrKZs2SmtuokTQ8/3wtv3baaZKTk6PsWV//ujSsV8+ojerXl4JWrYxb2LGj9OjSBbt0kYtatzb+fTRv3Nh436x37rla+1NOTo6cf845Wvtsk/r1U44FceNG06bSLS/Pfaxp0yZhXOpbUJAwhpV07iwlSca9Cd26xY+T3bolHVOndO9eMwZHFcfspcXFUhqJKP8mlA8eLP8oLTX+O1bbPcOHy5ybbzYdoSljTfi3dejQlJ1ocSSSshOVDx6c1F3Dhsm+kSOT+q2xY2X/+PFJ/dHkyXIwic9PmZLyzMvrN9+c8szIxwsWcNYCQ+XnS5emPJv2zuzZSfv1W7Nmpdw/fj51atJ97ODkyfLkhAlJ99PHx41Lub/fWVKSctxYlWzc6ddPlvfvn3L8urVnT/ly2TLj3x8iImIQFrZuLQsXLpTy8nJl9+7dK/v27VP2oYcekv3792v57LPPysGDB5U9dOiQHDlyRMvKyko5duyYssePH5dPP/1Uy3/+85+mp3EAdZq//OUvWvvsRx99pDUuHDt2TF577TWtsefw4cNa49vBgwflqaee0hpDH3vsMa1xet++fbJjxw6t34LmF14YygVidw8fLrdGo6a7njLWhH8tGzWS7du3J+1EO3fuTNlxSktLq1y6VEqXLElw0bx5Ep0x45TTpiV43cSJMnHcuFNecYVMHDMmzssGDpSSAQPiLS6WkkhESiIRGdS7t/tZl86dpUfnztKpoCD5mZHcXGlUv77vZy0y5WmnnaZ9VhOr/PoZZxj//tw856yzUp5Ny2/ePGnfbp+XV7MfuO0nxT161OxPJcXFifvbgAFy5ahR8fvm2LFx++41EyY47uPRG2+sGQPmzZ7tOFaULllSM55s2rQp6bizbdu2lD+CjerXl3fnzDH+I4aIiBiEha1by9GjR01PNQAAwDLCenXoXZddJnNvucV08yhjTfh3Yf368tFHH5kuD3zkX//6l/ZZTazyq6++Mv31gc/kNW9O+IeIiFkr4R8AAHghrOHf7ssuk3mzZ5tuHmWsCf8anHee/OlPfzJdHgBAIBD+ISJiNkv4BwAAXghr+HdnSYnMnzPHdPMoY034d86ZZ8rnn39uujwAgEAg/ENExGyW8A8AALwQ1vCvoqREFsyda7p5lLEm/Dvj9NPlxIkTpssDAAgEwj9ERMxmCf8AAMALYQ3/7hg2TBYS/nnH7Ys97bTTTJcGABAYhH+IiJjNEv4BAIAXwhr+7Rw6VBYvWGC6eZSxJvw784wzTJcGABAYhH+IiJjNEv4BAIAXwhr+3T50qCxZuNB08yhjTfh3/jnnmC4NACAwCP8QETGbJfwDAAAvhDX82zFkiCxdtMh08yhjTfjXsF4906UBAAQG4R8iImazhH8AAOCFsIZ/24cMkWVLlphuHmWsCf+aNWpkujQAgMAg/ENExGyW8A8AALwQ1vBv2+DBsnzpUtPNo4w14V+rpk1NlwYAEBiEf4iImM0S/gEAgBfCGv6VDx4spcuWmW4eZawJ/wpyc02XBgAQGIR/iIiYzRL+AQCAF8Ia/m0dPFhWLF9uunmUsSb869imjenSAAACg/APERGzWcI/AADwQljDvy2DBsltK1aYbh5lrAn/urZvb7o0AIDAIPxDRMRslvAPAAC8ENbwb/OgQbLytttMN48y1oR/RZ07my4NACAwCP8QETGbJfwDAAAvhDX82zRwoKxaudJ08yhjTfjXp1s306UBAAQG4R8iImazhH8AAOCFsIZ/GwcOlNWrVpluHmWsCf8G9OplujQAgMAg/ENExGyW8A8AALwQ1vBvw4ABsmbNGtPNo4w14d/QSMR0aQAAgUH4h4iI2SzhHwAAeCGs4V9Z//6ybt06082jjDXh38jBg02XBgAQGIR/iIiYzRL+AQCAF8Ia/q3r31/KyspMN48y1oR/Yy+7zHRpAACBQfiHiIjZLOEfAAB4Iazh39r+/WX9+vWmm0cZa8K/qy6/3HRpAACBQfiHiIjZLOEfAAB4Iazh35riYtmwYYPp5lHGmvBv8oQJpksDAAgMwj9ERMxmCf8AAMALYQ3/VhcXy8aNG003jzLWhH83XHON6dIAAAKD8A8REbNZwj8AAPBCWMO/VcXFsmnTJtPNo4w14d/M6683XRoAQGAQ/iEiYjZL+AcAAF4Ia/i3srhYNm/ebLp5lLEm/Jt9002mSwMACAzCP0REzGYJ/wAAwAthDf9ui0Rky5YtpptHGWvCv/lz5pguDQAgMAj/EBExmyX8AwAAL4Q1/FsRicjWrVtNN48y1oR/ixcsMF0aAEBgEP4hImI2S/gHAABeCGv4VxqJSHl5uenmUcaa8G/Z4sWmSwMACAzCP0REzGYJ/wAAwAthDf+WRyKybds2082jjDXh3/KlS02XBgAQGIR/iIiYzRL+AQCAF8Ia/i3r10+2b99uunmUsSb8W7F8uenSAAACg/APERGzWcI/AADwQljDv6X9+smOHTtMN48y1oR/K2+7zXRpAACBQfiHiIjZLOEfAAB4Iazh3+J+/WTnzp2mm0cZa8K/1atWmS4NACAwCP8QETGbJfwDAAAvhDX8W9S3r+zatct08yhjTfi3du1a06UBAAQG4R8iImazhH8AAOCFsIZ/C/v2lTvuuMN08yhjTfi3bt0606UBAAQG4R8iImazhH8AAOCFsIZ/C/r2lYqKCtPNo4w14V9ZWZnp0gAAAoPwDxERs1nCPwAA8EJYw7/5ffvKnXfeabp5lLEm/NuwYYPp0gAAAoPwDxERs1nCPwAA8ALhnz9YE/5t2rTJdGlWU1kRkZycnCqjB4L8IIlUf06CEamo9PfjDkTdPsvnz8vwdkHdg/APERGzWcI/AADwAuGfP1gT/m3ZssV0aVYTdPgX9/4qplND0iDO38/L6JiTAF8AACAASURBVHZBnYbwDxERs1nCPwAA8EJYwz/u+Zcmbl9seXm56dKsJrjw74BEdYO4NFbMJV/pl8qoqG95ZrcLgPAPERGzWcI/AADwQljDP572myZuX+y2bdtMl2Y1gYR/LivwIm7J14FoGkFZpVRENAM9p8+LVEjKj8vodgFUQfiHiIjZLOEfAAB4Iazh36K+fWXXrl2mm0cZa8K/HTt2mC7NavwP/xxWxim+b+KltKlX5CWu+FNfxVf781xDPAPbBVAN4R8iImazhH8AAOCFsIZ/S/r1k9tvv9108yhjTfi3c+dO06VZjd/hX+0wTvsta6+WS/YGtVfiqazeS3iLiFIol9HtAoiB8A8REbNZwj8AAPBCWMO/pf36WbVIzZrwz6ZrqcOIr+FfrTAu+Uo6xZqSBG3xgZzX1XTxK/ocPyvD2wUQC+EfIiJms4R/AADghbCGf8v69ZPt27ebbh5lrAn/bHqEchjxM/xTXUWXmlqX2DrV5VMgF1u323tkdLsAakH4h4iI2SzhH6SF4z22PZxod3ifSEWl+//PCAck6uHKpiCIW3ShfwlUiu1w+feY+R7TJnAirOHf8kjEqmdTWBP+7d6923RpVuNf+FfrwRsBB4n+BXIpK8nodgHUhvAPERGzWcI/8ESS0E87rHN5r2jU5f9n4AC+JmwLRfhX+97n6g8wTLUdSf+d8A9SENbwrzQSkfLyctPNo4w14d/dd99tujSr8S/8U7h8Vuvtokl/YOLOPgX6o5jZ7QKoDeEfIiJms4R/oIvSvbg17g1+6v3iT8y7/f9MEKrwr3r+EolKNKK3+jGt8A8gBWEN/1ZEIrJ161bTzaOMNeHf3r17TZdmNb6Ff3E/sH6EWslCt/jVeIEuvc/odgEkQviHiIjZLOEf6KA7d0n9+ph5Rdy/u/3/zBCeUCy+HU61p1ogSvgHQRLW8O+2SES2bNliunmUsSb8u/fee02XZjW+hX++r2iLD8niA75k/+YzGd0ugEQI/xARMZsl/ANlYk/Ka8xbYlcKJv4Z4V9Sal96q3kpLuEfBElYw7+VxcWyefNm082jjDXh33333We6NKvJhvBP64cnlbV/eAj/wDCEf4iImM0S/oEq3i/DjTn+rjnWr30fOzUTjt1rX16cas5Q8/qqbag9R4lEIq6f7TTncZ/j+HOpcmKbx4SiSQK7+PucJ25Hqn+Pb6vq/xfznaWYACZboRh0m0HmCGv4t6q4WDZt2mS6eZSxJvx74IEHTJdmNdkQ/qkEaIR/YCuEf4iImM0S/oESHlf9nfrzSK3j+fTDv5Tzi6QPsYhKtPbfRyrkgEooVvXh3sJKLU61Uez7JLZlsvb2M/xTDYBdVm1mpM0gk4Q1/FtdXCwbN2403TzKWBP+feMb3zBdmtXYec+/DIZ/3PMPDEP4h4iI2SzhHygRE9x4On6O+fv4uYO3y35j5xYJc5HYkKn239ZaKXjqbyvlwAGHYDHFU3Ad/z0u5EpjNVvN+9SeA6mvwPP9ab8q/cDpNZlqM8goYQ3/1hQXy4YNG0w3jzLWhH8PPfSQ6dKsJrRP+00ausU/8CPt+3DEDvYJPwaZ3C6ARAj/EBExmyX8AxVi5yyejsddVw56CP9U7nvn9ppUIdRJkoViKg/dUFmdl5zkl/eqXoLte/incC9Gp/fMTJtBpglr+Le2f39Zv3696eZRxprw75vf/Kbp0qzGv/DP30Aufil44iCd6t+1SBr+ZXa7AGpD+IeIiNks4R+okH4w47ZaTT/8U31IRc3rYv8+JtBKdvVS2g/CcF21p0iqOl1XUtZ+md/hX6ogz/lSZSXSbTPIOGEN/9b17y/r1q0z3TzKWBP+Pfzww6ZLsxr/wj8/g61a9+BwqqvWkvn0Fi0mC/8yvF0AtSD8Q0TEbJbwD1Q4tdLMdPh36v+nCpccQyrFp+V6Dv8SHkDirb1Sr+xTe/BHEOFf0jb0EuD51GaQecIa/q0fMEDWrl1runmUsSb847Lf9PAz/PMr3Kp9A1jnt6m1Is+X+1m4/TBlcrsA4iH8Q0TEbJbwD1QIz8o/Lw8KCSj8c3zScG29tJfaPf1ULsUOJPxLZ1VmYG0GJghr+LdhwABZs2aN6eZRxprwjwd+pIe/4V9iwOV9ubVCTbVfm/ayePf3yOh2AcRA+IeIiNks4R8oke4DP1wvY7Uz/HN/mOHJ4CqdS1gVn4qrMrcJJvyLrTF2AUjyS34DbTMwQljDv40DB8rqVatMN48y1oR/999/v+nSrMbv8C9xRZ76+yY+8j31wJs4iOusAHSo1TVAzOx2AVRD+IeIiNks4R8o4frADtU/d1ul5j38014MUGs7vIZ/cXOLlAsXdOcdDnMeJZ0/J7DwL+Z7SHwScIr7xfveZmCKsIZ/mwYOlFUrV5puHmWsCf/27dtnujSr8T/8E3E7I+b6A+lydkm1HOezOEkG7STLvZP/iGd2uwBECP8QETG7JfwDVbzf9y/mGD7Zw/10V/55OahPO/xTu9ee5yBL8YEkMYUmnRMFF/4lPlDF8QErVW8UbJuBMcIa/m0eNEhW3nab6eZRxprw75577jFdmtUkrkrTMOlltl6WxHtfGZfWdricIQrDdgEQ/iEiYjZL+AfKeFz9F7tQIPHP0njar5d7jqcd/qmsPIxdvac3/9APwGLnRontEWT4F7/Sz2EloEONQbQZmCOs4d+WQYPkthUrTDePMtaEf3v37jVdmtUEF/55fP/0HtvrIZjzNrhndrugLkP4h4iI2SzhH+ige9VS6tfrh39xV/e41uCy2szPlX/uT9mIm4eoT0OSrZB0J9mDPwIN/2IDv6j7Jb/BthmYJKzh39bBg2XF8uWmm0cZa8K/u+++23RpVhN0+HeKZMFcAGdXUtyo1tM9Opw/KLPbBXUOwj9ERMxmCf9Al9q3/HHO9Grd5kflvt6q4V/tGpKszkuoTzH8S7YCL/aza89pnG6HpBxkeX2oSmxb12qLVCsJk/67QlslzGVTPXjE7zYDo4Q1/CsfPFhKly0z3TzKWBP+7d6923RpAACBQfiHiIjZLOEfeELjibTJT/p7C/9UH4yRePs5tfDPaftObUeqq50iUnFA8959cdujfzmz6/0Yk25Hin9Xaau4kDfZwosg2gxME9bwb9vgwbJ86VLTzaOMNeFfRUWF6dIAAAKD8A8REbNZwj9IiyQP8lNbveU1/Evx+e5L1dTCP5HEYMz13oNOwZraQy6c6kr3KcZJL5PW+XelttLbTl/bDIwT1vBv+5AhsmzJEtPNo4w14d+uXbtMlwYAEBiEf4iImM0S/gEAgBfCGv7tGDJEli5aZLp5lLEm/Nu5c6fp0gAAAoPwDxERs1nCPwAA8EJYw7/bhw6VJQsXmm4eZawJ/3bs2GG6NACAwCD8Q0TEbJbwDwAAvBDW8G/XsGGyaP58082jjDXh37Zt20yXBgAQGIR/iIiYzRL+AQCAF8Ia/t0xbJgsnDvXdPMoY034t3XrVtOlAQAEBuEfIiJms4R/AADghbCGfxUlJbKA8M87bl/s5s2bTZcGABAYhH+IiJjNEv4BAIAXwhr+3VlSIvPnzDHdPMpYE/5t2rTJdGkAAIFB+IeIiNks4R8AAHghrOHf7ssuk3mzZ5tuHmWsCf82bNhgujQAgMAg/ENExGyW8A8AALwQ1vDvrssuk7m33GK6eZSxJvwrKyszXRoAQGAQ/iEiYjZL+AcAAF4Ia/h39/Dhcms0arp5lLEm/Fu3bp3p0gAAAoPwDxERs1nCPwAA8EJYw789w4fLnJtvNt08ylgT/q1Zvdp0aQAAgUH4h4iI2SzhHwAAeCGs4d/eESNk9k03mW4eZawJ/1atXGm6NACAwCD8Q0TEbJbwDwAAvBDW8O+eESPklpkzTTePMtaEfytvu810aQAAgUH4h4iI2SzhHwAAeCGs4d+9I0fKrBkzTDePMtaEfyuWLzddGgBAYBD+ISJiNkv4BwAAXghr+Ldv5EiJTp9uunmUsSb8W750qenSAAACg/APERGzWcI/AADwQljDv/tHjZKbpk0z3TzKWBP+LV20yHRpAACBQfiHiIjZLOEfAAB4Iazh3wOjRsnM66833TzKWBP+LV6wwHRpAACBQfiHiIjZLOEfAAB4Iazh3zdGj5YZU6eabh5lrAn/5s2ebbo0AIDAIPxDRMRslvAPAAC8ENbw76HLL5fpU6aYbh5lrAn/bHqEMgCALoR/iIiYzRL+AQCAF8Ia/j06dqxMnTjRdPMoY034Z9NySgAAXQj/EBExmyX8AwAAL4Q1/Pu3K66Qa6+80nTzKGNN+Hf9pEmmSwMACAzCP0REzGYJ/wAAwAthDf+eGD9eJo0bZ7p5lLEm/Ltm/HjTpQEABAbhHyIiZrOEfwAA4IWwhn/fmTBBrrr8ctPNo4w14d+Vo0ebLg0AIDAI/xARMZsl/AMAAC+ENfz73lVXybgRI0w3jzLWhH9jSkpMlwYAEBiEf4iImM0S/gEAgBfCGv49ffXVVuVU1oR/IwYNMl0aAEBgEP4hImI2S/gHAABeCGv4d2DSJBk1ZIjp5lHGmvBvaL9+pksDAAgMwj9ERMxmCf8AAMALYQ3/nrvmGhk+YIDp5lHGmvCvf8+epksDAAgMwj9ERMxmCf8AAMALYQ3/fnLttTI0EjHdPMpYE/716dbNdGkAAIFB+IeIiNks4R8AAHghrOHf81OmyKA+fUw3jzLWhH/dO3UyXRoAQGAQ/iEiYjZL+AcAAF4Ia/j3s6lTrbpC1Zrwr0u7dqZLAwAIDMI/RETMZgn/AADAC2EN/355/fXSr3t3082jjDXhX4f8fNOlAQAEBuEfIiJms4R/AADghbCGf/89bZr06trVdPMoY0341zY313RpAACBQfiHiIjZLOEfAAB4Iazh38vTp0tR586mm0cZa8K/Vk2bmi4NACAwCP8QETGbJfwDAAAvhDX8e23GDOnWsaPp5lHGmvCvacOGpksDAAgMwj9ERMxmCf8AAMALYQ3//mfmTKueTWFN+NewXj3TpQEABAbhHyIiZrOEfwAA4IWwhn9v3HyzXNy2renmUcaa8O+8s882XRoAQGAQ/iEiYjZL+AcAAF4Ia/j31qxZ0j4vz3TzKGNN+HfmGWeYLg0AIDAI/xARMZsl/AMAAC+ENfw7dsstUmDRg2mtCf9OO+0006UBAAQG4R8iImazhH8AAOCFsIZ/v509W/KaNzfdPMpYE/6dcfrpcuLECdPlAQAEAuEfIiJms4R/AADghbCGf8dvvVVymzQx3TzKWBP+nXvWWfLZZ5+ZLg8AIBAI/xARMZsl/AMAAC+ENfz7YN48ad64senmUcaa8K/BeefJn/70J9PlAQAEAuEfIiJms4R/AADghbCGfx/Nny9NLrjAdPMoY034d2H9+vLRRx+ZLi+UfPnll/Lpp586+tFHH8mxY8cCt7KyUo4cOZIRDx48mFW+8MILGWm3N954IyN94f3333ftj6zedYfwDxERs9nC1q1l4cKFUl5eruzevXtl3759yj700EOyf/9+LZ999lmt47ZDhw5pH4NVVlZqHUsdP37c9VjKzX/+85+mD2UA6jR/+ctftPZZL/P01157TWvsOXz4sPbc9KmnntIaQx977DGtcXrfvn2yY8cOrd+C5hdeGMrw75OFC6VhvXqmu54y1oR/LRs1ku3btzt2nrvvvtu1o2zevFlKS0uldOlSKV2yJM7lixdLdMaMKqdNS3DS+PEycdy4KseMiXP4oEFSMmBAlf37S0kkUmOfbt2kR5cup7zkEunRubP06NxZLm7bVgpatYo3N1cKcnOlxYUXSsN69Rw956yzJCcnx9EzzzhDGp5/vqNNGjSQgmbN/LNpU0fbNWsmPdq21Tc/X9uSzp2d7dRJSjp2DKcXX+xad5+CAv12aNNGu60vbtnS9fvzs4+0aNTItT+ec+aZ7v3461937f9NGjas2U9q7z/t8vJq9q8el1wSv+916RK3b5YUF5/abwcMkKtGj47ft6+4omafnzl1auK4cHK8WDx/fsJ4UrpkiZSWlsr69etdx6OKigrXH8FG9esT/iEiYtb6/YkTpbR/fy1n9+0r0T59lJ3eq5dM7N5dy+GXXOJ+bOngwI4dtY/B2jVvrnUsldu4seuxlJtfO+0012MsJ89KctyVKRvVr584LzJgYceOCcePddWLWrc2/n00b9zYeN+sd+65WvtTTk6OnH/OOVr7rJd5erf8fK2xp2+7dlrjW0nnzjKhWzetMXRKjx5a43S0Tx9ZqvlbsGXoUPlq+XLjv2O1/fOiRVL/vPNMR2jKWBP+bR06VKI9ezp6a+/eUhqJSGnfvgmu7NdPygcPdnTb4MGyb+RIV58YP172u/jcNdfIwcmTHX3hhhvkyPTpjr5x881y7JZbHH1/7lz5dOFCRz9bssR450YM0i+XLXPt/x/Nn++631TOmuW6vx2ZPt11Pz04ebL8e5J9/IFRo1zHhp1Dh7qOK2uLix3HotJ+/WRB377u41jPnvLlsmXGvwdERETMfv+e5LgrU36ycKHr8V0mPTpjRtJjybrk2yH4Pj6YN8943/zL4sXG91EMv39bskTOO/ts0xGaMtaEf4iIiIiIiIiIiKb9YulSOfvMM01HaMoQ/iEiIiIiIiIiIir61fLlcsbpp5uO0JQh/ENERERERERERFT0XytWyGmnnWY6QlOG8A8REREREREREVHD0047Tf71r3+ZjtGUIPxDRERERERERETU8IzTT5evvvrKdIymBOEfIiIiIiIiIiKihmefeaZ88cUXpmM0JQj/EBERERERERERNTzv7LPlb3/7m+kYTQnCP0RERERERERERA3rn3uu/PnPfzYdoylB+IeIiIiIiIiIiKhhw/PPl08++cR0jKYE4R8iIiIiIiIiIqKGTRo0kI8++sh0jKYE4R8iIiIiIiIiIqKGzS+4QD744APTMZoShH+IiIiIiIiIiIga5jZqJMePHzcdoylB+IeIiIiIiIiIiKhh3oUXym9/+1vTMZoSoQv/8lq0kBmFhVLaty8iIiIiIiIiImLobHjeefL666+bjtGUCF34d94F50vk2mIZt3gMIiIiIiIiIiJi6Dyr/jny/e9/33SMpkTowr/zG9aTOY/cKnv+9w5ERERERERERMTQ2aB1I3niiSdMx2hKhC78q9eovozdPVVuPbQKERERERERERExdNbPbyyPPPKI6RhNidCFfxd36yxXPTJfFr51NyIiIiIiIiIiYujMK2ovP/rRj0zHaEqELvwbNHyozH1ui+yR5xAREREREREREUNnt+F95LnnnjMdoykRuvDvsstHyOynNxj/EhEREREREREREZ0surxYnn76adMxmhKhC/8unzBWok+tNf4lIiIiIiIiIiIiOtlrwiB56qmnTMdoSoQu/Bs/6UqZ8fhK41+iF+/42/dlx6dPKrn9k+/I+mMPK7v6f++X0iN3B+Jtr+7VqmXrB48rb+eOT5+Uu//1rPHvBjEbrPj8B7Lj0ydl47uPyvq3H67Zhxf/bKfMO1gu8360VWbuXyUz96+S6x9eKtfuWyCT75kv48pnyrjymTJqzXUyvHSSlCydKAOjY2RgdIz0u+4y6T1xiPSeOET6TBwivcYPlK4lvaRrSS/pVtJbupX0lnY9O0u7Hp2kfY/O0r5HZ8nr1FZaFLSqsVleC6nXsEEobNSscVxtLQpa1dTdrkcnuahHJ7lkYJF0K+kthSe3s/voiPSdOLSmHXpPHCIDb75cBkbHyND5E2R46SQZXjqpph0n3jlbrt23QKbct7CmvWf/x0aZd7Bc5v+4vOZ7WfP6/bL+2MOy/eN/l9v/9JTx/oOIiMnlWJ5jeUREHftOGiqPP/646RhNidCFf9dMnSzTHl2u3NhzntlYMzEbXjpJRpReUzOpHRgdI4OjYyUSM7ntO3Go9BqXOLm9qEenuMlt64vjJ7dNWjWTeg3rx00yc3Jy4jznvHOlfsMGSjZodIG0LshXtl2nDtK1R7dA7NTtEq1aLmzeVHk76zu20zkx7VhfLmjaSH+yPqqf9Js4VPrETNaHRK+I++4vW3R1XN8Yt3WG3PWPHyr3rZlPrIr7e0Q3R6+9Tiq+eFq5b83+j6pxa8i88TIwOkb6XDNUel05SLqW9JJOAy6Vi3p0klYd20iLglZSr1EDObfeeZKTkyNnnn2W1G/YQFrk5Uqrgjzp0qNQuvQolJ79+8iAkkEy4LLBcsXE8XLFxPFy7bTrZHp0hsy85SZZWrpMlpYuk7L1ZVJeXi7bt2+Xffv2yb59++Rb3/qW7N+/v8bvfve7cvDgwThfeuklOXLkSI2vv/66HDt2rMZ3331XPv3001D4wQcfxNX29ttvx9V+5MgRef755+O275lnnolrg/3799e0T0VFhZSXl0t5eXlNO86ef6tMj86QaTffWNPeJZcPlwElgyQydEDN91JwcTtpVZAnDRo3lPPqny85OTny9bPOlHoN60uT1s2lRUEruajoYunQp0vVuDamWHpPHCIDZoySQbPGyPDSSXLFlhu1xq3oU2trQspqr923IM7p3yqtCS1n7l8l0e+uqwqPY6w9sVz7xgNxE8dN730rYXJo+uDLVmuHDeUfPpEwUa/9fSw6dHvc9zXnmY1x3+nM/asSvverds2K6xcTtt8kd375DL+J6Luj116n1bc4ludYPqhj+Rnfvs34/oCI4VT3t8rN4qnD5dFHHzUdoykRuvBv6o03yNQHlyg3dtvCDrJw4cKayVl5eXnNpE1nclt7cvjGG2/ETSDfe++9hEkmeONvf/tbXDt++OGHcW197NixhO/j0KFDypP1anft2hXXLxo3vVBW/+/9yn2r4NKOMm/evLj3QHSyWcvmsuKVPdp9a/fu3bJv3z759re/Ld/5znfk4MGD8tOf/jRuDPrkk0/kz3/+s+ndFnziiy++kE8//VTee++9mrHuhRdekIMHD8oPfvAD2b9/vzzwwANy7733Snl5uTRp3lRWHr1X4zexvUybMb0mqFxaukymR2fEefV119SElldMHC8jx42uCo9jrA4waweZ1TZr1SLl5PDs8845OdFWsFGDhIljMlt3aisXnZxQ+m3bbh20amnU/EL17WxYP2XY0Khp47i2jg36q+09sF/c9zV0VEncd3rFxPEJ3/u8RfPj+kWjJo21+ha/iaiq7rjl1Lc4lg83po7ldftWXucCWbx4sfF9AhHDp+544ubAG0fLgw8+aHpYViJ04d/MWTfJtffO1wr/jh49arpssIC8i9pIWeVDyn2rY58u8sILL5guGyyge58esuyFO+lb4DsXF3bWDP/C85tYe3KYzE8++SRh4pjM//3f/02YWPrlq6++qlXLBx98oLU6NSzo9i3GLVCFvgVBodu3Wl7UWiorK02XDQAhRHc8cXPwrCvk3nvvNb05SoQu/Js9d45MuutWKyc6EG6at24pm977lnLf6jyguxw6dMh02WABfQb0k0WHbqdvge/YHP5BuNHtW4xboAp9C4JCt281bd1c3nvvPdNlA0AI8Sv8Gzp3vNx1112mN0eJ0IV/8xctkCt3RpnogO80bnahlP/hceW+VVjSWw4ePGi6bLCAASWDZd7BcvoW+A7hHwSFbt9i3AJV6FsQFLp9q2GzxvKHP/zBdNkAEEL8Cv8uW3S17Ny50/TmKBG68G9Z6XIZVz6TiQ74Tr0L6svtf1S/KX3R6Ig888wzpssGCygZPVzmPLORvgW+Q/gHQaHbtxi3QBX6FgSFbt86/4J68sc//tF02QAQQvwK/0aUXiPl5eWmN0eJ0IV/q1evljEbbmCiA75z9rnnyB2f/UC5b/WeMEieeuop02WDBVw+YaxEn1pL3wLfIfyDoNDtW4xboAp9C4JCt2+dfe458tlnn5kuGwBCiF/h36jVU2TDhg2mN0eJ0IV/69evl1FrrmOiA77ztdNPl7tOHFDuW/2uGSaPP/646bLBAiZcc5XMeHwlfQt8h/APgkK3bzFugSr0LQgK3b71tdNPlxMnTpguGwBCiF/h3+Xrb5A1a9aY3hwlQhf+bd26VUaumMxEB3zlH//4h3zt9NO1duTi60fIN7/5TdOlgwVMvn6K3PDNZfQt8B3CPwgK3b7FuAWq0LcgKHT61l3/+KF87fTTTZcMACHFr/Bv3NYZUrqi1PTmKBG68O/222+XyxZfzUQHfOXzzz+Xs845W2tHHnTTGLn//vtNlw4WMO2mG+W6+xfSt8B3CP8gKHT7FuMWqELfgqDQ6VsVn/9AzjrnbNMlA0BI8Sv8u/L2qCxcvND05igRuvBv9+7dMmzeBCY64Ct/+tOf5PwG9bR25KFzxsmePXtMlw4WEJ1zi1yzZy59C3yH8A+CQrdvMW6BKvQtCAqdvnX7n56S8xvUM10yAIQUv8K/ibvnyJx5t5reHCVCF/7dc889MnjWFUx0wFc+/PBDadi0kdaOfNmiq2XXrl2mSwcLmL9ogVy1axZ9C3yH8A+CQrdvMW6BKvQtCAqdvlX+4RPSqGlj0yUDQEjxK/ybfM98mTnrJtObo0Towr9vfOMbMnDGaCY64Cu/+93vpEmrZlo7sk2P7QazLCtdLuPKZ9K3wHcI/yAodPsW4xaoQt+CoNDpW5t/95g0a9XCdMkAEFL8Cv+mfmOxXD9jmunNUSJ04d8jjzwixdePYKIDvvL2229Li4JWWjvy6DXXyfr1602XDhawZs0auXz9DfQt8B3CPwgK3b7FuAWq0LcgKHT61vq3H5bWBfmmSwaAkOJX+DftkeUy+foppjdHidCFf48//rj0u2YYEx3wlddff13yOhVo7chjN06TVatXmy4dLGDjxo0yavUU+hb4DuEfBIVu32LcAlXoWxAUOn1rzev3y0Wd2psuGQBCil/h34zHV8qEa64yvTlKhC78e/LJJ6X3lYOY6ICvvPbaa1LQrYPWZ/l9tAAAIABJREFUjjxh+02yZNlS06WDBWzfvl2GL5tE3wLfIfyDoNDtW4xboAp9C4JCp2+tfO0e6dTtEtMlA0BI8Sv8u/nJtTLmyitMb44SoQv/fvCDH0iPMcVMdMBXXnzxRenQ+xKtHfnqiltk7oJ5pksHC6ioqJCSBVfRt8B3CP8gKHT7FuMWqELfgqDQ6VvLXtwt3XoXmS4ZXKisiEhOTk5qowec/ybm/7t8gEROvjZSUenyogMSzcmRnJyIuL4k9nWRCol72YGo5OTkSKpSIJz4Ff7d8oP1MnzMSNObo0Towr9nn31WLh3Rl4kO+MrPfvYz6dz/Uq0defLeeXLTLVHTpYMF7N27V4bcov6UcvoWqEL4B0Gh27cYt0AV+hYEhU7fWvyzndKrf1/TJYMLaYd/OVFJlrkdiJ56D9fw72R4lzpMJPzLRvwK/+Y+u1kGjxhmenOUCF3495Of/ES6Du3JRAd85cc//rFWv9ojdj25B8yi+5Ry+haoQvgHQaHbtxi3QBX6FgSFTt+a/+Ny6T90oOmSwYXqIE8nOKv+m0gk1d9Wr+hLHv5VBYRRiUZThYmEf9mIX+Hf/J9ss2asCV3491//9V/SZXAPJjrgKwcOHJDuo/pp7cjTHl0u10ydbLp0sIBHH31UiqcOp2+B7xD+QVDo9i3GLVCFvgVBodO35hzYJENHXWa6ZHAhnfAvWnHykl63P64O5aLRJOFfTKCXMsQj/MtG/Ar/Fv7XDuk3uL/pzVEidOHf888/L5cMKmKiA77yve99T3qOG6C1I8/cv0rGTZxgunSwgP3790ufiUPpW+A7hH8QFLp9i3ELVKFvQVDo9K1Z3yuTUeMuN10yuJBW+HegUioi7qv1qlf0HTjgHv7VrCKsqBTXcO/UOxL+ZSG+hX/P75C+g4pNb44SoQv/fvrTn0rnAd2Z6ICvPPHEE9J3kno4w0ED6KAbLtO3QBXCPwgK3b7FuAWq0LcgKHT61swnVsn4SVeaLhlcSC/8S/b3J4O66IGacC4x/EsMD6sCQ7cHfxD+ZSN+hX+LfrpTeg/oZ3pzlAhd+Pfzn/9cOhV3Y6IDvqJ7WeYeeU5u/eFmGTqyxHTpYAE//OEPpftI9QcV0bdAFcI/CArdvsW4BarQtyAodPoWl5OHG7UHfsSHcXGBX6XLpb+xgZxb+Of0t0lWCRL+ZSd+hX9Lfr5Lehb3Mb05SoQu/PvlL38pF/crZKIDvqL7QIY9cvJGwcMGmS4dLODHP/6xFA7rRd8C3yH8g6DQ7VuMW6AKfQuCQqdv8SCZcJN2+Oewek8k5pLfqv9wDPScVw1WPyTE6VJiwr9sxK/wb+kvK6SoXy/Tm6NE6MK/F154QTr26cJEB3zlvvvuk0E3j9Hakatu3mnH9ftgFt0HFdG3QBXCPwgK3b7FuAWq0LcgKHT61pT7FsqNN88wXTK4kO5lv6f+OzYgjLnkV8Ql/HMP+aqCwySXEhP+ZRV+hX/LXrhTuvfpYXpzlAhd+Pfiiy9Kh96XMNEBX7n33ntl8KwrtHbkRYdulz4DI6ZLBws4dOiQXDJQ/V6l9C1QhfAPgkK3bzFugSr0LQgKnb517b3zZeasm0yXDC74Ef5VX75bE+7VDuOcwr+T/y+pCQ/+IPzLRnwL/17cLd16F5neHCVCF/699NJL0r5nZyY64Ct79+6VIbPHae3Ii3+2U3r172u6dLCAn/3sZ9K5/6X0LfAdwj8ICt2+xbgFqtC3ICh0+tbkvfPk5tmzTJcMLvgS/lVf+nsylDsQrRXQOYR/1av7dC43JvzLTvwK/0pfuksKe15qenOUCF349/LLL0u7ok5MdMBX7r77bhl663itHXnJL+6QHpHepksHC/jFL34hF0fU71VK3wJVCP8gKHT7FuMWqELfgqDQ6VuT7r5VZt16i+mSwQV/wr/YS3+rAjqnVX6n/l+y+/rFf4bjpcKEf1mFX+Hfipf3SJeiQtObo0Towr9XX31VCi7tyEQHfGX37t0ybN4ErR156eEK6d63p+nSwQIOHz4sHft2pW+B7xD+QVDo9i3GLVCFvgVBodO3Ju6eI3Pm3Wq6ZHDBr/Cv5tLfSO37/0li+Jf0ib7x7xcfEBL+ZSN+hX+3vbpXOl/axfTmKBG68O/o0aPStrA9Ex3wlYqKCilZcJXWjmzT9ftgFt17ldK3QBXCPwgK3b7FuAWq0LcgKHT61tUVt8jcBfNMlwwuqD3tNz6Ecw4Mq5/66x7OVYV91a+rfUlvIokP/kge/iWTYDC8+BX+rTx6r1xc2Nn05igRuvDvV7/6lbTpSvgH/rJr1y65bNHVWjty6ZG7pWuPbqZLBws4cuSItOuhfrsC+haoQvgHQaHbtxi3QBX6FgSFTt+6atcsmb9ogemSwQX/wj+3S3UlPvyrXtGX8DAPB6pDvZrXEv5lI36Ff6t+da907NrJ9OYoEbrw79e//rXkX3IREx3wlR07dsjwpZO0duQVr+yRS7p3NV06WMArr7wiF3W/mL4FvkP4B0Gh27cYt0AV+hYEhU7fmrDjZlm8dInpkgEgpPgV/q3+9X3S/pKOpjdHidCFf6+//rrkdSpgogO+sm3bNhmx/BqtHXnla/dIp26XmC4dLOC1116Tgm4d6FvgO4R/EBS6fYtxC1Shb0FQ6PSt8dtmytLly0yXDAAhxa/wb83r98tFndqb3hwlQhf+vfnmm9KqYxsmOuArW7dulZErJmvtyDYt4QWz6N6ugL4FqhD+QVDo9i3GLVCFvgVBodO3xm2dIaUrSk2XDAAhxa/wb+2b35C2HS8yvTlKhC78e+uttyS3fR4THfCVzZs3y8iV12rtyDYt4QWz6N6ugL4FqhD+QVDo9i3GLVCFvgVBodO3rtg8XW5beZvpkgEgpPgV/q1760Fp076t6c1RInThX2VlpbS8qDUTHfCVjRs3yqjVU7R2ZJuW8IJZdG9XQN8CVQj/ICh0+xbjFqhC34Kg0OlbYzdOk1WrV5suGQBCil/hX1nlQ5J3URvTm6NE6MK/Y8eOSYuCVkx0wFfWr18vo9dO1dqRbVrCC2bRvV0BfQtUCU/4d/JJdzkRqf0wPRGRA1GVJ/adNHpA+/VxNcQ8ba/6fVI+Ta/6KX8K76VXk1r7uH2mSXT7FuMWqOJH30r5JFClR2hWSkVE/W+9jifKTy3Veexn9We4PPW0VuUKY4vKGFVrW1LVG1NjwlNWT71I6ztIhU7funz9DbJ27VpPnwMA2Y9f4d/6Yw9L64J805ujROjCv3feeUeat2kZgokOZBPr1q2T0ev0wr91bz0o+e3sSPHBLG+99Za0bKd+uwL6FqgSmvDvQDTppM1U+FdTV4qJZPWE9tTLfA7/UrSPa/0G0e1bjFugih99Sy1Qcw+yVP4+IbDyOJ74Hf6lGosSgzaFsUVpjKq9LW5hY2KdTuGfp+8gBTp9a/S6qbJu3Tqt9weAuoNf4d+Gdx6R3DatTW+OEqEL/959911pmtfC/ETHR6p+HJOcaUtYkZDwAu2zZn6cuQvkTKYh1qxZI2M23BC+FN/pzK7SxDBzZ3C99AOlv3Gox9Y+p7tiOYi+5X2VhPOkoeag3u3vao1b6a2aEkl7nNP4LN1tS9ZOQROW8K+qzaISjaaeEJ78C8320li5Evea6rEwWU3VfSv2NV4/z+WVSu1jd/gXhjPbur8RmVzJlZkxM1x9yA0/+lZiYB/3r6d+L5zaQuNkRfw/extPkteqSU3tDsd3rv+Wul+ojuHV2xKJpNqm6rZKPG6Mr1X3O0iOVvi35jrZsGGD+psDQJ3Cr/Bv47uPSou8XNObo0Towr/f/e530qRVM+MTHT9JJ/zzetbMjzN3tgYxTqxctUrGbpoeohTfJeioMXmol8kzuIGFfw6129rndFcsB9G3vK+SSBH+ufVFH8M/f8Y59c/T3bZk7RQ04Qj/Yrb95NiTehfMVPinEPB4/j5Vt0G1fU6O+yEZv3T7VhjObGvv8xlcyZWZMTM7wz+nvpU6UDt1HOUc4KU4jqo54Rl/bORlPPEz/Ev1XjXhXNzGpeoX6mN4zedXpFiYUP0+0ah7PR6/g2To9K1Rq6bIpk2bFN8ZAOoafoV/m3/3mDRr1cL05igRuvDv+PHj0rhlU8K/qj9MGnYkO2vmx5k7X89kGmbFbSvkii03hibFP/XdJR7wJPu3+Ndk5gyul36Q8m9qDvji9wtb+5zuiuUg+pb3VRKpwj+Xg/+UK5YVJ6k+jHO6/czbttXd8C9+sukhEFP6lDTCuBQBT1X9+itlVLdBp30ORPUvcwsK3b4VhjPb+r8RmVvJlZkxMzvDP6e+pfQdJAniVPYzx9d6GE8yGf45k7xf6IxRpz7facV0zCdWH38eSAz/0v4OkqDTt0bedq1s2bJF6X0BoO7hW/h3/DFp2rKZ6c1RInTh3/vvvy+NWzQh/EvzrJkfZ+5sDWKcWFa6XMaVzwxHil99YJny8gy3g6HMnsENJPwT5wM+W/uc7orlIPpW2qskHMO/iEQiLuOQnxPZdMc5zX7mbdvqaviXOAFM+ZtW9arMhX9JA56T9SuG3vo1eW0f8+j2rTCc2U4nlAt6JVdGx8wsC/+c+pbad5Dm/pf0+Ft9PAnmsl8PIbdjv9Bro9htcd+uk58XPVBTr9NvrPfvwB2dvjWi9BopLy9Xel8AqHv4Ff5tef/b0qRFU9Obo0Towr8//OEP0rBZ4zof/qV71szPM3e2BTFOLFm2VCZsv0lvR/79vwWS4ivdg+hkn3BePGDmDC7hnzu///3vtVYsB9G3vK6SSBX+VRw4+Te1+5gPE1n/xjm9v/O2bXU0/HNqC4dxIpFMhn9J+oJrrT4FLZ7bxzy6fSuo30QdPP1GZGglVybGzGwN/5z6lrfwL/mxTiLO7ak7nqT7cJKEqhwvCff4JHHNMSpu21NcmRQ94PRe/nwHbmiFf8smyfbt25WqAIC6h1/hX/kfHpfGzS40vTlKhC78++ijj+SCJo3qfPiX7lkzP87c2RrEOLFoySK58vao1o689YPH5cLmTXyuRPegKPXfB30Gl8t+U/PBBx9Io+YXGu1bXldJpAz/Kl3e24eJrJ/jXNK/cbzsV3fb6mb459zGKpdSZjb8c+uP7n3Mn6DFe/uYR7dvBfObqEdal0QGvJIrE2NmtoZ/Tn3L22+abvu4HJNpjid+h39xNTioczJDd4yKf71z+9ScMK76j1o1+fQduKDTty5bMlFuv/12pSoAoO7hV/i37aP90rBJY9Obo0Towr+PP/5Y6je+IAvDPwVrfpnTP2uW/pm7gA5mDDFv4Xy5atcsvRT/wycC2JHTPHDP+Blcb/0g2Ad+hK/Pffjhh1onLYLoW0GGf46vSXsi6984p9vPvG1bXQz/3CeIqVcwZzj8036irx9BSzrtYx7dvhXMb6IeXn8jMrGSK/gxU/U15vGjb6W18k83eEp4vd54EvyJy8SHxKk98EN/jHJ++E1sX485YVz1RrXq8es7cEanb5UsvEp27dqlVAUA1D38Cv+2f/zvckHjhqY3RwnCvwygH/6lf9Ys/TN39gYxTtw6f65MvHO2Xor/f/sD2JHTO3DP/Bnc4MK/ZJc029bn/u///k9r3AqibwUb/jlcPpv2RNa/cU63n3nbtjoY/sU+jMVN377f9IOPhH0g6eW3PgQtabWPeXT7VjC/iXp4/o3IwEqu4MdM1deYx4++pfabVrs9qn8nNFeUqwR6qidag8bxvtEpHoakMUYlbMvJNqrZ7tr3mna97Df978AJnb41bP6Vcueddyq8KwDURQj/QgCX/Yr4cdYs/TN39l6C6cTcBfPk6opbLA//TJzB9fOyX7cHTqT6u/BTF8K/hL/1a+Wfj+NcfJ3ubeFt2+pe+Kd24srtty3z4V/t7y3uxEYAn5de+5jH5vBP/zci+JVcwY+Zqq8xT8bCvyCe9uvy3snGE/+OXbw9ZCj577jeGJW4LfG/vQeitT4nxE/7LVlwlVRUVCS8x/2PHZbNuw8iYh3yo4//mtZ4kvQ3jMt+vcMDP0T8OGuW/pk7e4MYJ+YvWuDpst9GTf3ekdO455+RM7h+hn8ipwLM5Cv/bOtzH374oTRsqnfZr999y9sqCbf/5zJuxfYP3y779XGcq/3ZLu3hbdvqWviX+r51ySdtBsI/iZ2g1zqx4fvnpds+5vFyaab/v4l6pPMbEfRKruDHTNXXmMePvpX2E+w9PkU+7p0UxxP/jl1UfhdVf8e9jVFO23LqxHHVe8btM477kX/fQW207vm36GrHy36HTdoruUVliFiHfKPyw7TGk6S/YTzwwzvvv/++NG7RpI6Hf+mfNfPzzJ1tQYwT4Xngh+q9oBIP2kyfwfXtgR81IWaqy5TtwZoHfnh52m/cEBQzMTmQ/kQ20Kf9Juln3ratjoV/Kk+sTTpxMxP+VdUdkYqKaIr9Ic3PS7t9zFN3HvhR88eBruTKxJiZreGf/gM/Yu6Bl2T/zHFp79jjqaTfseJ44uexS+wl58lObKW855/HMSrZw2oikcQnY7t+jl/fQS38eODHt7/3iux56OeIWIf8+NPP0hpPkrnl/W9LkxZN1Qcyg4Qu/Dt+/LhcmNuszod/6Z418+PMna1BjBNLli2VCdtv0tuRf/9v0rRlM/+LUbi/SfVBUcLT0wycwQ3iab+J2+f9s8LA73//e2ncsqnRvpX2Kgml8E9i+m/Ev4msj+Nc3Lu79DNv21aXwj/1VZnuJzMMhX8xk+P0n0bs9ho/2sc8un0rsN9EDdL9jQhyJVdGx8wsC/+c+pbafReT7OMKV0ukPvGkNp4oP3xK8URAypO9bg/28HDvw9pjVKrbabjdV9CxLX35DuLR6Vsjlk2S7du3a70/ANQd/Ar/Nh9/TJrlNje9OUqELvz73e9+J01aEf6d/EPPZ838OHNnaxDjxLLS5TKufKbejvy7x6RZqxaB1HPqu0vsF6f+LeYg0eAZ3CDCv1O1plqpaAe641YQfcv7KgnN8E9qTUzSmsiK/+Nc/Asc+5m3batD4Z/ODdgdbz4vYi78i/kOky/p8f55vrSPeXT7VpC/iaqk/RsR4EquzIyZ2Rn+OfWtVIGaamjkGKRpfLEq44nf4d/JNz35+xWvcxm1+kUaY5Rb33ddqa9wfJrudxCLVvhXeo2Ul5d7+hwAyH58C/9CcHykSujCv3fffVea5rUg/Dv1x57Omvlx5i6QgxlDrLhthVyx5UatHXnju49Ki7zcgCqK+S4cdbppuJkzuF76gcrEqeZ9HS53t63P6Y5bQfQt76sk9MO/uElJuuFf1Yf5OM45vya2Tm/bVofCP6gT6PatYH8T1Uj/NyK4lVyZGTOzM/wLQ98CO9DpWyNvu1a2bNliumQACCl+hX82/YaFLvx75513pHmbllk10Ukr/It7D/WzZn6cubM1iHFi5apVMnbTdK0decM7j0hum9bBFuYUevi4ysRUP9B6+IRDWGlbn9Mdt4LoW95XSXgI/8Q5VFN532T4Nc451hHzOm/bRvgH2YVu38rIb2IK/PiNCGolV2bGzOwM/8LQt8AOdPrWqFVTZNOmTaZLBoCQ4lf4Z9NvWOjCv2PHjkmLglZMdMBX1qxZI5evv0FrR17/9sPSuiDfdOlgAW+//bbWuEXfAlUI/yAodPsW4xaoQt+CoNDpW6PXXCfr1683XTIAhBS/wr/1x+z5DQtd+FdZWSkt2+Ux0QFfWbdunYxeN1VrR1731oOS376t6dLBAt566y3Jba8+btG3QBXCPwgK3b7FuAWq0LcgKLTCv3VTZd26daZLBoCQ4lf4V1b5kOS3a2N6c5QIXfinO4lmogMqrF+/Xkav1Qv/1r75DWnb8SLTpYMFvPnmm9KqYxv6FvgO4R8EhW7fYtwCVehbEBQ6fevy9TfI2rVrTZcMACHFr/Bv3VsPShtLTmCFLvzTnUQz0QEVNm7cKKNWT9Hakde8fr9c1Km96dLBAl5//XXJ61RA3wLfIfyDoNDtW4xboAp9C4JCp2+N3ThNVq1ebbpkAAgpfoV/Np3ACl34pzuJZqIDKmzevFlGrrxWa0de/ev7pP0lHU2XDhbw61//WvIvuYi+Bb5D+AdBodu3GLdAFfoWBIVO37pi83S5beVtpksGgJDiV/hn0wms0IV/upNoJjqgwtatW2XkislaO/KqX90rHbt2Ml06WMCvfvUradO1PX0LfIfwD4JCt28xboEq9C0ICp2+NW7rDCldUWq6ZAAIKX6FfzadwApd+Kc7iWaiAyps27ZNRiy/RmtHXvnaPdKp2yWmSwcLeO2116SgWwf6FvgO4R8EhW7fYtwCVehbEBQ6fWv8tpmydPky0yVbyYFojuTkKBo9ICIilRURrdef/CDJycmR2P/lhpf3V/ubqDh/fKVURFLU79Zubq+prJBI0vfQ/0zwjl/hn00nsEIX/h09elTaFhL+gb/cfvvtctmSiVo78opX9sgl3buaLh0s4JVXXpGLul9M3wLfIfyDoNDtW4xboAp9C4JCp29deXtUFi1ZbLpkK6nr4Z/K30UqKpO0W0Qc/jlp+Of1M8E7foV/K4/eKxcXdja9OUqELvx79dVXpeDSjkx0wFd27dolly26WmtHLn3pLuna81LTpYMFvPTSS9K+Z2f6FvgO4R8EhW7fYtwCVehbEBQ6feuqXbNk/qIFpkvOEg5INCdHciIV4hY/VYdXWovUPIR/Ou+fTk1uK+5ig9Ha/xwXmjp9qFv4l8Zngnf8Cv9ue3WvdL60i+nNUSJ04d/LL78s7Yo6MdEBX6moqJCSBVdp7cjLXtwt3XoXmS4dLODFF1+UDr0voW+B7xD+QVDo9i3GLVCFvgVBodO3rq64ReYumGe65CyhroR/J7fTbeXeqTeuCvFqrRqsCukiEom4vIdj+JfeZ4J3/Ar/Vry8R7oUFZreHCVCF/7prqBhogMq7N69W4bNm6C1Iy89XCHd+/Y0XTpYwOHDh6Vj3670LfAdwj8ICt2+xbgFqtC3ICh0+tbE3XNkzrxbTZecJdSN8K/69SqX1zq9tjr8qzhwMqir3V4O4V+6nwne8Sv8K33pLim0ZPV66MI/3RU0THRAhbvvvluG3jpea0de8os7pEekt+nSwQJ+8YtfyMWRQvoW+A7hHwSFbt9i3AJV6FsQFDp9a9Ldt8qsW28xXXKWUDfCv5rwTiVbcwjyYv/e8bNT/I2XzwTv+BX+2bR6PXTh3+HDh6Vjny5MdMBX9u7dK0P+P3v3HR9Fnf9xHMECIr0rHaT3Tui9d0LvgdB7Cb2XAAIBkSLYsBIVPAUsqCgW1EPBBnqABe8ULKj3U7xTj/fvjzuRbHY3M7uz+51hX8/H4/WXkMzM95tl5+Nudmw3Wz/I015Zp7qNG5g+dHjAK6+8okqNa7C34DiGf4gUu3uLxy1Yxd5CpNjZW/22TNSosaNNH/JVwvrwL3g+Qy7HP/Aj7dfP8O+kOZ8/PmnX6ttq01+TtIM8P9cs3fAu/O+J0Dk1/JtxJEU169c2fTqWuG749/rrr6tCQ+uvoOFGB1Zs27ZNzUd3tfWDPPXl21S/aZzpQ4cHvPzyy6rctCZ7C45j+IdIsbu3eNyCVewtRIqdvdV/2yQljB5p+pCvErEw/LM7WEs/uPN9FV+6t+mmG/6F/z0ROseGf6+nqFbDuqZPxxLXDf9effVVVWxUnRsdOGrHjh1qNrKTrR/kKYfWqmHzxqYPHR5w6NAhVWlem70FxzH8Q6TY3Vs8bsEq9hYixc7eGrhjioaNHG76kK8SsfC23/8N1uwO4gK+8u+KP/PHsC7QK//C+J4InVPDv+mvrledRvVNn44lrhv+HT58WJWaWH8FDTc6sOKuu+5S0xEdbf0gT3o+WY1bNTN96PCA559/XtVa1WVvwXEM/xApdvcWj1uwir2FSLGztwbdNU2DRww1fchXiRga/tn9/XtBh3+6fI5x//1FgAHe9hv690TonBr+TT28TvWaNDR9Opa4bvj30ksvqXKzWtzowFH333+/Gg1qa+sHedyB5WrZoY3pQ4cHHDhwQDU7NGRvwXEM/xApdvcWj1uwir2FSLGzt4beP0t9B/UzfchXiVgY/jn4ab9pP+L3zwHfAT7t102cGv5NeWmtGjRrZPp0LHHd8O/FF19U1RbW3z7HjQ6sSE1NVf34lrZ+kEc/sVgdunUyfejwgCeeeEJ1ujVhb8FxDP8QKXb3Fo9bsIq9hUixs7cSUuepW3wP04d8lYiN4d/l88zolXh/vALP53fvBfzk3suv2Ivz82m94X1PhM6p4d/kF9corkUT06djieuGfy+88IKqtqzDjQ4cZXc4c4eeVcLueerep6fpQ4cH7N69Ww36WB8us7dgFcM/RIrdvcXjFqxibyFS7OwthspOipXh35/HlCndkO6P//znB4b4/ueAwz+fv5fu64bxPRE6p4Z/k15YrcYtm5o+HUtcN/x75plnVKNdA2504KgDBw6oZnvr++oO8XYBWGf3beXsLVjF8A+RYndv8bgFq9hbiBQ7e2vcgeVq2b616UO+Sjj1ab8+r1y7cugVoD+GXaF8/ZCGfxaPy99bb4MN//585Z7/AV+o3xOhc2r4N+GZFWrerpXp07HEdcO/J598UrW7NOZGB46y+4rSO/SsBu6cyi8KhiU7d+609YEy7C1YxfAPkWJ3b/G4BavYW4gUO3vLS6/Gcb8YG/5dPjw/Xz/IFws6/LvyHDL8Gta/J0Ln1PBvzJNL1K5LB9OnY4nrhn+PP/646vVsxo0OHPXKK6+oUuMatn6Q+22ZqFFjR5s+dHjAli1b1GJsN/YWHMfwD5Fid2/xuAWr2FuIFDt7a9or61S3cQPThwzApZwa/o16fKE69+xq+nQscd3w7+GHH1bDvq240YGj3nrrLd1at7KtH+TeKWM0YfJE04cOD0hJSVHryT3ZW3Acwz9Eit29xeMWrGJvIVIdWACxAAAgAElEQVTs7K1Zb92u6nVrmj5kAC7l1PBvxMNz1KNvL9OnY4nrhn+7du1So8HtuNGBo44fP67S1cvZ+kHuvjpBM2bNNH3o8IDVq1er3ay+7C04juEfIsXu3uJxC1axtxApdvbW3ONbVbF6ZdOHDMClnBr+Dd01S/0GDzB9Opa4bvhn93dncaMDK06cOKFiFUrZ+kHusmyo5s2fb/rQ4QHLli1Th/kD2FtwHMM/RIrdvcXjFqxibyFS7OytBSd2qHSFsqYPGYBLOTX889LvrXXd8G/r1q1qMaYrNzpw1JkzZ1SkdFFbP8gdFwzU0qVLTR86PGDBggXqvHQIewuOY/iHSLG7t3jcglXsLUSKnb215My9Kla6hOlDBuBSTg3/+m2dpJFjEk2fjiWuG/5t3LhRrSb24EYHjvriiy9UoGghWz/I7ZL6Kjk52fShwwNmJs1St+QE9hYcx/APkWJ3b/G4BavYW4gUO3trxRcPqlDRIqYPGYBLOTX8i984VuMmjjd9Opa4bvh32223qc30eG504Kivv/5auQvktfWD3HpKL23YsMH0ocMDJk6ZpN4bxrC34DiGf4gUu3uLxy1Yxd5CpNjZW6u/TlWeAvlMHzIAl3Jq+NfztkRNnT7N9OlY4rrh38qVK9V+dj9udOCoH374QTflymHrB7nluG664447TB86PCBx3Bj1vWMCewuOY/iHSLG7t3jcglXsLUSKnb112w97dFOuHKYPGYBLOTX867pyuJJmJ5k+HUtcN/xbsmSJOi4cyI0OHHXx4kVdn/UGWz/IzRI6aceOHaYPHR4wJGGYBu6Ywt6C4xj+IVLs7i0et2AVewuRYmdvpVx8UtdnvcH0IQNwKaeGf52WDNHChQtNn44lrhv+zZ8/X12WDeVGB476z3/+o8yZM9v6QW40uJ127dpl+tDhAf0GD9DQXbPYW3Acwz9Eit29xeMWrGJvIVLs7K3N/3lGmTNnNn3IAFzKqeFfh/kDtGzZMtOnY4nrhn92f3E+NzqwKsu1WXT7bwcs762GfVvpkUceMX3Y8IAefXtpxCNz2VtwHMM/RIrdvcXjFqxibyFS7O6tLNdm0W+//Wb6sAG4kFPDPy99aJXrhn+Tpk5Wr/WjudGB47LemE0bfn7S8t6q272p9u7da/qw4QEdu3dW4t5F7C04juEfIsXu3uJxC1axtxApdvdW1huz6eeffzZ92ABcyKnhX5upvbV+/XrTp2OJ64Z/YyaMVZ/bx3OjA8flzJNLay88bnlv1eoYp/3795s+bHhA645tNW7/MvYWHMfwD5Fid2/xuAWr2FuIFLt7K0eenLpw4YLpwwbgQk4N/1pN6KHbb7/d9OlY4rrh34jEBPXfNokbHTguX6H8Sj73iOW9Va1VXR08eND0YcMDGrdqpokHk9lbcBzDP0SK3b3F4xasYm8hUuzurTyF8uncuXOmDxuACzk1/Gue2EXbtm0zfTqWuG74N2j4EA26ezo3OnBc4WI3a9nn91veW5Wa1NThw4dNHzY8oH6Thpp6eB17C45j+IdIsbu3eNyCVewtRIrdvVWwWGF9/vnnpg8bgAs5NfxrMryD7r77btOnY4nrhn99BvbV0Putf2omNzqwqkTZklp86h7Le6tcvcp64403TB82PKBGvVqa+cZG9hYc5+Xh308//aQLFy5Y6rvvvtOZM2cs9+GHH+ro0aMR6dixY7aO5auvvrJ8nhcuXNClS5dML40k+3uLxy1Yxd5CpNjdWzeXLa5Tp06ZPmwALuTU8K/RwLa6//77TZ+OJa4b/nXv01MJu+fZutGZMmWKkpOTL7d9+/Y0PfDAA0pNTb3c3r17dfDgwTT5Pvk/efJkmif3Z8+eTfcEHqHxvSE8f/58upsp3/V4+eWX06zX/v3706xpampqunVfv359mn2Rr2B+zf9wh+W9VbpGeU2cOJG95SGm9lahmwtr9jt32NpbQ4cOVVJSElHQ8hbIZ3v4N2LEiMt/f1bSLCUkjrzc8MQE9RnYT93je6p7fE91je+h9t06qWnr5mraurmatG6mJq2bqWrt6qpau7qq1K6mKrWrqUyFsipWuoSKli6uoqWLq1DRIsqZJ1eaMmXKlKas2bMpR56c1sqbS0VKF7VcsYqlVKZ2xYhUqno5W8eSt3B+6+eZJ2e665Qt+41prmPegvkvX+dipUuoWOkSl9fhj3Wp37ShmrRudnndWnVoo67x3S+va/f4nhqWOCLN2k+aOjmsvcW/id5j6t/EAoUL2t5b/JtIVrL7uFW8UmlNmzYtzf68stWrV6fbz749/PDD6X4Grmzfvn3pHueu7KWXXgr6P5zefvvtDP8n0zfffBP0fyr961//Mv1wg6vIpUuXMvwfmZ999lnQPfv+++8H3fevv/560J+b5557LujPXWpqqnbu3Bn0Z3fDhg0Bf/ZD+bcqUA36tNTu3btNL5slrhv+dezeWYl7Flq+2GP/skQdkvqnqUVi1zQ1HthWDeNbXq5et6aq3rpemm6tXSlNxSuUSvPkvkDRwsqRJ1eaMnoCH6xceXNfflJvpbIVy11+0u90FatXtnUs+QsXtHye/m4Is2XPluY65imYL93NlO96VGlaK8161eoQl2ZNG8a3TLfubafGp9kXPVeN1O2/P215b43fv5y9xd6ytLd6rEzQxn/vt7y3EvcsVLfkBKIM67FmpFJ+ecry3hr12IJ0X6P/9slpGvZAkhJS510uce8iTTyYnKako5vTtPDkTi05c+/llp99QGsvPJ6mcJ88xWobfvpLmuuYfH53mmu95My96dZj6su3pVmvcfuXpVnThNR56da91/rRYe0t/k3k30T+TSTT2X3c8nefeGXtZ/VLt599i+vXOt3PwJXV7tQo3ePclVVpWivdz9mVla1VMcP/yZQrf550j4tXdv0N16f7+b+ya6+71tZjidXyFcxv6zHNaqXLl43Y43BEHturVYrIdShS7OaIrFu27DcG3S/XXHNN0P2WI08uFSpxc9A9W7JK2aD7vkKDqkF/bmq0qR/0565hfEs1T+gc9Ge37ZTeQX/+e6xM0KZfrf9bFai63Ztqz549psdolrhu+NemUzuN3Wf9UzPdlO8T+GCt+e6xdE/ugzX/wx3pnvw71ZxjW2wdy6qvHrF8ntwQsrfYW0RE5GT8m8i/iURkvU2/7rf1WGI1f/+zyokWfnRXxB6HI9Hcd7dF5Dr4+x+tTrT+/54wvievpmp1aqR9+/aZHqNZ4rrhX7M2LTTh2ZXGF5GIiIiIiIiIiMhf1dvU07PPPmt6jGaJ64Z/FapVUvd7x2v8hxuIiIiIiIiIiIhcV9EaZXTw4EHTYzRLXDf8y5Evt7rfOUFT3tlMRERERERERETkunKWzM+n/YYqR95cGvv4Ct1x7lkiIle36Yv9Wvvx4+SSkj/YrSVv3ksuaeFrdynpuc1E5Ke5L24z/jNKf7b8nQeM/xtGf7b+zBPGn+MREVkpZ7H8evTRR02P0Sxx5fCvZs9majuhj9E6jO+fpuZDuqrpoM5RrfnALmoxoGvAmvbpqHqdWkS0+p1aqGHHlraq3rS+qjaq62jV4+qFVZV6tVSmSsWwKlu5om6tXMnRbilRXEWKFbVX0chWsHBh5ciZM4NyRb3MmbME/WQqE1177bXKmSMXuaR8efKr2M0lyCWVLl5WVctXJyI/VSxTyfjPKP1ZkUI3G/83jP7sxhuzG3+O56/s2W8y8Bw4+HPy3HnzRvzeoEhRm/cqxYqqTIXyjt83hXsvV75G1bDvKas5fI9btVFd1W/X3Na9doOOLSM+A4jr1jroHKLFgOjPRpoO6qx2Y9LOadpO6Gt8bnT9TVn5wI9QVSpfSYkdEpU8PNlVbRm3RdsnbndVd0+5W6lzUl3XM8ue0cEVB13VS8kv6ejGo67rbzv+pjN3nXFVZ+89qwu7L7iu35/6XdovIiIiIqKo9+OjPxp/Puzb+QfPG7938Nex248Zv8/y7ci6I8bvSf31+LzHjd+/+/bgzAeNzzr8tTZhrfG5kG+5bsql06dPywtcN/xr1ayVDq44aPzBnYiIiIiIiIiIyF+F8hXSuXPn5AWuG/61b9VeTy992vgiEhERERERERER+Stvrrz67rvv5AWuG/516dBFTy580vgiEhERERERERER+StH9hz65z//KS9w3fCvZ9eeenze48YXkYiIiIiIiIiIyF9Zb8iqX375RV7guuFf31599UjSI8YXkYiIiIiIiIiIyF9ZsmTR77//Li9w3fBvUL9Bun/G/cYXkYiIiIiIiIiIyLf/7PuPMmfOLK9w3fBv+JDhunvK3cYXkoiIiIiIiIiIyLd//+Xfuv666+UVrhv+JSYkavvE7cYXkoiIiIiIiIiIyLefHv9J2W/MLq9w3fBv/Njx2jx2s/GFJCIiIiIiIiIi8u371O+VO2dueYXrhn9TJk3RhsQNxheSiIiIiIiIiIjIt68f+loF8hWQV7hu+DdzxkytGbHG+EISERERERERERH59o/7/6GbC90sr3Dd8G/OnDlaMWSF8YUkIiIiIiIiIiLy7bN7PlPxW4rLK1w3/Fu4cKEWD1xsfCGJiIiIiIiIiIh8O7XjlMqUKCOvcN3wb9myZZrff77xhSQiIiIiIiIiIvLt5PaTqlC2grzCdcO/5ORkJfVJMr6QREREREREREREvr13x3uqWrGqvMJ1w79169ZpWs9pxheSiIiIiIiIiIjIt7c3va1aVWvJK1w3/Nu0aZMmdp9ofCGJiIiIiIiIiIh8e2P9G6pfq768wnXDv61bt2pMlzHGF5KIiIiIiIiIiMi3V9a8osYNGssrXDf827lzpxI6JBhfSCIiIiIiIiIiIt9eXPWiWjRuIa9w3fDvvvvu05C2Q4wvJBERERERERERkW/PLntWbVu2lVe4bvj30EMPqX+r/sYXkoiIiIiIiIiIyLd9i/epU9tO8grXDf8effRR9W7e2/hCEhERERERERER+bZ3/l5179xdXuG64d8TTzyhbo27GV9IIiIiIiIiIiIi31LnpCq+R7y8wnXDv/3796tjw47GF5KIiIiIiIiIiMi3B2c+qAF9BsgrXDf8e+6559SmXhvjC0lEREREREREROTbvdPu1dBBQ+UVrhv+vfDCC2pZp6XxhSQiIiIiIiIiIvLtrsl3acTQEfIK1w3/Dh06pOa1mhtfSCIiIiIiIiIiIt92TNqhkcNHyitcN/x76aWX1KxmM+MLSURERERERERE5Nv2iduVmJAor3Dd8O/w4cNqUqOJ8YUkIiIiIiIiIiLybev4rRozaoy8wnXDv1dffVWNqjcyvpBERERERERERES+bRm3RWMTx8orXDf8e+211xRXLc74QhIREREREREREfm2eexmjR8zXl7huuHfkSNH1KBKA+MLSURERERERERE5NumMZs0cdxEeYXrhn9vvvmm6lWuZ3whiYiIiIiIiIiIfNs4eqMmTZgkr3Dd8O+tt95S3Up1jS8kERERERERERGRbxsSN2jKpCnyCtcN/44eParaFWsbX0giIiIiIiIiIiLf1o1cp2lTpskrXDf8e+edd1SzfE3jC0lEREREREREROTbbQm3afrU6fIK1w3/jh07phrlahhfSCIiIiIiIiIiIt/WjFijmTNmyitcN/x79913Ve3WasYXkoiIiIiIiIiIyLfVw1dr1sxZ8grXDf/ee+89VS1b1fhCEhERERERERER+bZq2CrNTpotr3Dd8O+DDz5Q5TKVjS8kERERERERERGRbyuGrNDcuXPlFa4b/p04cUIVS1U0vpBERERERERERES+LR+yXPPmzZNXuG74d/LkSVUoWcH4QhIREREREREREfm2dNBSLViwQF7huuHfxx9/rHIlyhlfSCIiIiIiIiIiIt8WD1ysRYsWyStcN/w7deqUyhYra3whiYiIiIiIiIiIfFs0YJEWL14sr3Dd8O/06dMqU6yM8YUkIiIiIiIiIiLybWH/hVqyZIm8wnXDv08++USlbillfCGJiIiIiIiIiIh8m99/vpYtWyavcN3w77PPPlOJIiWMLyQREREREREREZFvc/vN1YoVK+QVrhv+ff755ypepLjxhSQiIiIiIiIiIvJtTt85WrlypbzCdcO/L774QkULFTW+kERERERERERERL4lxScpOTlZXuG64d8//vEP3VzgZuMLSURERERERERE5NvM3jO1Zs0aeYXrhn9ffvmlihQoYnwhiShWO6DETJmUKVMmZaqYolPGjyfWOqWUiv+7/pkSdcD48YTRjhTF/bGX2h8wfzzkQJF+fAi2/6+inw1XxPUkIiKi0JvRe4bWrl0rr3Dd8O/cuXMqlK+Q8YUkoliN4Z/ZrqIbcoZ/V2EM/66euJ5EREQUetN6TtO6devkFa4b/p0/f14F8xY0vpBEFKsx/DPbVXRDzvDvKozh39UT15OIiIhCb2rPqVq/fr28wnXDv2+++Ub58+Q3vpBEFKsx/COHYvh3Fcbwj4iIiIikyT0mKyUlRV7huuHft99+q3y58xlfSCKK1Rj+kUMx/LsKY/hHRERERNKk7pO0ceNGeYXrhn+88o+IzMbwjxyK4d9VGMM/IiIiIuKVf2Hjd/4Rkdkyurn3/99PJcb976b8j+KUsiP910//5zIpcYm9Y4nM90rbgfaZ0v3dYN8r6LFn8h1YBLvG9ocf/s7T1mBmSaLfc7V6rQLmd/jn57rYGAyGti5OXTd3Xf/L1+KP75Xu61jdqxb2rr/1y+gcQzovZ4Z/4f/8un1PZ7BeLn2sidi6EBERUdTjd/6FiU/7JSKz2R3+XXmTmL64xFPp/56//N4sR/N7/Te/N7f+CnLDm9HXiEtMceaG/MpBRICCDlos/P2wXmHlOygJ+v2C3/yHty5OXTd3Xf80wz+/gzb7A5Wg17liik5ZGf6FdV7hDf+c+Pn1xp721mNNxNeFiIiIoh6f9humL7/8UkUKFDG+kEQUq9kb/qUEfCXHlTfAwYd2gW8eo/m9bNygXr6xPpX++gV4tZP1m12rN+RWCzCAsDSgCXQcFkszKEkMPpANcqzhr4tT181d1//P4V+c/69l863Wlq7zlevo7/Eh7PMKffjnyM+vrT2dYmE/RGpPe+exJirrQkRERFFvRu8ZWrt2rbzCdcO/v//977ql4C3GF5KIYjUbw7+AN/GBXnnn8+d8BwXphhXmvpf/G1Cf75Xu+vgei88x+LtZd+CG3HeQ6XuznfEwzM9Nu++xhvI7+/wNgnzPN8Pv48S6ROq6mb3+6d5CGdarpjK4hrb3bqjnFerwz4l9EuKezujnPKYfa6K0LkRERBT1ZsXP0urVq+UVrhv+ffHFFypaqKjxhSSiWM3m8C/QjZrvzaeVP5fRDW4kv9eV/y3YoCvNzX/aG+Y0N8JW3xIZ1g154FfkpTkW3/MJes0DXf8QfidXhgNXf3/O5/s4sC6OXTeXXf80w78wByaO7F1HzivE4Z8j+ySEPW3pWjm/pz35WBPJdSEiIqKol9QnScnJyfIK1w3/Pv/8cxUvUtz4QhJRrGZv+GfpwzqCDo6u/HPBX80T2e8VwvXx+RpXDmMs//6rMG7Ig7497sqbaZ/v8edxWhjoXXHzbvvteMEGID5dee1Ce9tfsLV15rq57fqHf838nZeN31MXkfOK9Kf9hvkY4JI97ZXHmqitCxEREUW9OX3naOXKlfIK1w3/Pv30U5W8uaTxhSSiWM3O8C/YTZoTfy6a3yuj/L0N7sqvYeNrWx4wBbshz2DAEvB72Pi0Vt+vY/etv3aGAlZfIWR7XZy6bu67/lYHQLZ+5kPeu06dV6SGf1b2iVf2tFcea6K4LkRERBT15vWbp+XLl8srXDf8++STT1TqllLGF5KIYjWGf9Z/kX6AG/IMb4CD/dkoDv/sZvfG3s7g0MqfDWldnLpu7rv+tl5pF9bPvJU/69R5OTD8C3mfeGVPe+WxJorrQkRERFFvfv/5WrZsmbzCdcO/06dPq0yxMsYXkohitRge/tn6pFKfr2Hr1S8Gb8htn2Pg4VOGhToo8f0+4ayLU9fNhdffseGfE3vXsfMKY/gX9j7xyJ72ymNNNNeFiIiIot7C/gu1ZMkSeYXrhn+nTp1S2WJljS8kEcVqsTr8y+iVS3/8+UBfwyOvxnHk93NZzJFXSYW7Lg5dNxdef1e98s+x83Lm035D2yde2dMeeayJ5roQERFR1Fs0YJEWL14sr3Dd8O/jjz9WuRLljC8kEcVqsTn8S/OL8UP6Gl75PVxRvMl24Pejhb8uTl03913/iAz/nPidf2GdV2jDP2f2iVf2tFcea6K4LkRERBT1Fg9crEWLFskrXDf8O3nypCqUrGB8IYkoVovF4Z+NG900v7cq0NeIxidwhnpDbv04wy7N2/2C39D7//AKJ9bFqevmvuvv3PDPib3r1HmFMvxzap94ZU978bEmwutCREREUW/poKVasGCBvMJ1w78TJ06oYqmKxheSiGI1hn+Bb1J938IW5NVHAV8V5PM1XP1qHKW5KY9LPGVvL/n+ri9LH3rg/Lq4a/jn3PV3bvjnzN515rwiOfzLaJ84uKcDDglj6bEmiutCREREUW/5kOWaN2+evMJ1w78PPvhAlctUNr6QRBSrxeLwL+2rdPx9jbSDjUA3tBncxPr7xfcu+T1c/l49lPaahDBg8ne+PsOSdNfV5787sy7uGv45df2dHP45s3edOK/Q3vbrzD4JcU/7XgffT7WNyJ72xmNN1NaFiIiIot6KISs0d+5ceYXrhn/vvfeeqpatanwhiShWi83hX7obdkv5uUm1+3VMfQKnzeO0/ao/32Non5jBL/4PsHaOrIvbhn/OXH9nh3/WjikuMSX440PY5xXiB3449fNrZ09XjLPwKbaR2tMeeayJ1roQERFR1Fs1bJVmJ82WV7hu+Pfuu++q2q3VjC8kEcVqMTr82+/7KpVAw4oDGf6+Lf+vZrE6QInS8M/3z9ga0FjM99NOg36/wOsW/rq4cPjnwPV3fPi3X8GHNRVTdMrKJ82GdV6hftqvcz+/tvZ00OFWJPe0dx5rorIuREREFPVWD1+tWTNnyStcN/w7duyYapSrYXwhiShWi93hn/Yr4OAizaAiwKd4Bv5ePt/Td4CQ5u9Fcfj3vwIOEAKem8X8nmf662JpuBjWurh0+Bfm9Y/I8C/deQZZv4icV+jDP2d/fm3saT/f09LwKpYeayK9LkRERBT11oxYo5kzZsorXDf8e/vtt1WrQi3jC0lERBEq6A05Ebk2r/3seu14iYiIyDPdlnCbpk+bLq9w3fDv6NGjql2xtvGFJCIie1359rZgr/y58s+F/JZaIop+Lhmm8VhDREREpls/ar2mTp4qr3Dd8O+tt95S3Up1jS8kERHZy8qn44b9CbpEZC4XDv94rCEiIiITbUjcoCmTpsgrXDf8e+ONN1S/Sn3jC0lERDaz+EEHvBKHyKO5ZPjHYw0RERGZbuPojZo0YZK8wnXDvyNHjqhBlQbGF5KIiEIo6Kd/cjNO5OncMvzbLx5riIiIyGi3j7ldE8ZOkFe4bvj32muvKa5anPGFJCKi0Ev7ljvrn+BKRC7OTcO//8VjDREREZlo89jNGj9mvLzCdcO/V199VY2qNzK+kERERERERERERL5tGbdFYxPHyitcN/w7fPiwmtRoYnwhiYiIiIiIiIiIfNs6fqvGjBojr3Dd8O+ll15Ss5rNjC8kERERERERERGRb9snbldiQqK8wnXDv0OHDql5rebGF5KIiIiIiIiIiMi3HZN2aOTwkfIK1w3/XnjhBbWs09L4QhIREREREREREfl21+S7NGLoCHmF64Z/zz77rNrWa2t8IYmIiIiIiIiIiHy7b9p9GjJgiLzCdcO/ffv2qVNcJ+MLSURERERERERE5NtDsx5S//j+8grXDf/27t2r7k26G19IIiIiIiIiIiIi3x6d86h6d+8tr3Dd8C81NVXxzeONLyQREREREREREZFvTyx4Qt06dZNXuG749+CDD2pA6wHGF5KIiIiIiIiIiMi3/Yv3q2PbjvIK1w3/7r33Xg1tN9T4QhIREREREREREfn23PLn1KZ5G3mF64Z/O3bs0MiOI40vJBERERERERERkW+Hkg+peaPm8grXDf+2bNmisV3GGl9IIiIiIiIiIiIi315d+6oa1Wskr3Dd8G/jxo2a1H2S8YUkIiIiIiIiIiLy7c0Nb6pezXryCtcN/2677TZN7zXd+EISERERERERERH59s6md1Szak15heuGf6tWrdLsPrONLyQREREREREREZFv7295X1UqVJFXuG74t3TpUi3ov8D4QhIREREREREREfl2cvtJVShbQV7huuHfwoULtWTQEuMLSURERERERERE5NvpnadVpkQZeYXrhn9z5szRyqErjS8kERERERERERGRb5/f+7mK31JcXuG64d+M6TO0NmGt8YUkIiIiIiIiIiLy7cv7v1SRgkXkFa4b/k2eOFkpiSnGF5KIiIiIiIiIiMi3bx7+Rvnz5pdXuG74N27MON0x7g7jC0lEREREREREROTbD6k/KFeOXPIK1w3/Ro0YpTsn3ml8IYmIiIiIiIiIiHz7ec/PujHbjfIK1w3/hg0epnum3mN8IYmIiIiIiIiIiHz79S+/6rprr5NXuG74N7DvQD0w4wHjC0lEREREREREROTbpX2XdM0118grXDf869Ozj3bP3m18IYmIiIiIiIiIiPx1bZZr9dtvv8kLXDf869Glh/bM32N8EYmIiIiIiIiIiPyVLWs2Xbx4UV7guuFf5/ad9dSip4wvIhERERERERERkb9y3pRTP/74o7zAdcO/dq3a6ZllzxhfRCIiIiIiIiIiIn/ly51P3377rbzAdcO/lk1a6oWVLxhfRCIiIiIiIiIiIn8Vzl9YX331lbzAdcO/Jg2a6PCaw8YXkXIt+pwAACAASURBVIiIiIiIiIiIyF/FChfT2bNn5QWuG/41qNNAR9YdMb6IRERERERERERE/ipdtLTOnDkjL3Dd8K929do6uvGo8UUkIiIiIiIiIiLyV/mS5fXRRx/JC1w3/KtVrZZ6Ne2lxM6JRETuryMREREROVanRPPP74iILJQnZx6dOHHC9BjNEtcN/9555x1t376diIiIiIiIiIjIlaWmppoeoVnmuuEfAAAAAAAAAGe4bvjXpk1zZcqUiYiIiIiIiIiIyJXdcMP1fNpvqCpXvlUffDBbUgoREREREREREZHrqlatpN599115geuGfxUrltGJE3NkehGJiIiIiIiIiIj8xfAvDOXLl9JHH82V6UUkIiIiIiIiIiLyF8O/MNx6awn97W/zZHoRiYiIiIiIiIiI/MXwLwxlyhTX6dPzZXoRiYiIiIiIiIiI/MXwLwylShXVJ58skOlFJCIiIiIiIiIi8hfDvzCUKHGzPvtsoUwvIhERERERERERkb8Y/oWhWLHCOnt2sUwvIhERERERERERkb8Y/oXhllsK6u9/XyI7F/zXX9dp6tSWSkxsTEREREREREREFLBp01rqt9/W25o9MfxzUJEiBfTll0tl54KfPbtYefLk1Pbt24mIiIiIiIiIiAKWM+dN+uore7Mnhn8OKlQon86dWyY7F/z8+eUqWDCvoSMGAAAAAACAV+TOnUPff79KDP8MKVAgj77+ernsXPDvv1+l3LlzGDpiAAAAAAAAeEXWrNfrl1/WiuGfIfny5dK3366QnQt+8eJaZct2g6EjBgAAAAAAgBdcunRJmTNn1qVLG8Twz5A8eXLqwoWVsnPBf/99vbJkyWzoiAEAAAAAAOAFv/zyi7JmvV7hDP4Y/oUpV66b9MMPybJ70bNkyazff//dzEEDAAAAAADA9b7//nvlzn2TGP4ZlCPHjfrnP1fL7kW/8cas+vnnn80cNAAAAAAAAFzvq6++UuHCecXwz6Ds2bPpp5/WyO5Fz537Jn3//fdmDhoAAAAAAACu9+mnn6pkyUJi+GdQtmw36OJF+5+4UqhQHp07d87MQQMAAAAAAMD1Tpw4oYoVi4nhn0E33HC9/vWv22T3ohcrVkBnz541c9AAAAAAAABwvXfeeUc1a5YWwz+DrrvuWv366zrZvehlyhTR6dOnzRw0AAAAAAAAXO/1119Xw4blxfDPoP9+au962b3olSoV14cffmjmoAEAAAAAAOB6L774olq0qCKGfwZdc801unRpg+xe9Bo1SuvYsWNmDhoAAAAAAACud+DAAXXoUEMM/wy65pprFMpFr1+/nN544w0jxwwAAAAAAAD327Nnj3r0qCOGfwZlyZJZoVz0Jk0q6vDhw0aOGQAAAAAAAO730EMPqX//BmL4Z9B1112rUC5669ZVdfDgQSPHDAAAAAAAAPe7++67NXx4YzH8M+iGG65TKBe9Y8ca2r9/v5FjBgAAAAAAgPtt2bJFY8c2E8M/g268MatCueg9etTRnj17jBwzAAAAAAAA3G/9+vWaOrWVGP4ZdNNN2RTKRe/bt74eeeQRI8cMAAAAAAAA91u5cqXmzGkrhn8G5cyZXaFc9MGD47Rr1y4jxwwAAAAAAAD3W7RokRYvbi+Gfwblzn2TQrnoI0c20Y4dO4wcMwAAAAAAANwvKWmmkpO7iOGfQXnz5lQoF33cuOa64447jBwzAAAAAAAA3G/y5AlKSekhhn8G5c+fS6Fc9MmTWyolJcXIMQMAAAAAAMD9xowZqa1b48Xwz6CCBXMrlIs+bVorrVu3zsgxAwAAAAAAwP1GjRquO+/sK4Z/BhUunFehXPQZM1pr7dq1Ro4ZAAAAAAAA7jdixGDddVd/Mfwz6Oab8ymUiz5rVmutXr3ayDEDAAAAAADA/YYNG6h77hkghn8GFS1aQKFc9Dlz2mrlypVGjhkAAAAAAADuN3hwP+3aNVAM/wwqXrygQrno8+a11fLly40cMwAAgCSdSolTpkyZlClTJiUeMH00AAAA8DVgQG89+OBgMfwzqGTJQgrloi9Y0E5Lly41cswAAADSASX+b/CXKVMmZYpL0SnThwQAAIA0+vXrqYcfHiKGfwaVLl1EoVz0RYvaa/HixUaOGQCAq8WVr1yLTHFKuWonYgz/AAAA3C4+vptSU4eJ4Z9BZcverFAu+uLF7bVo0SIThwwAwFXilFLiIjn4+7M0b4k9kHiVDMwY/nnGVbPnAACAXb16ddZjjw0Xwz+DypW7RaFc9GXLOmr+/PlGjhkAgKtF5F/599/iLr/8z2dglua/eQ3DP2+4mvYcAACwq3v3jtq7N0EM/wyqUKGYQrnoK1Z00ty5c4wcMwAAV5dIvwLwyrf+hjGIOZWiOFd9uAbDP29g+AcAQCzr0qWtnnxylBj+GVSpUnGFctFXreqs2bOTjBwzAACx5kCig7/HL6S3YPoOKBNlfP53xTCS4Z/L8bZfAABiVqdOrbVvX6IY/hlUpUoJhXLRV6/uolmzZpg4ZAAAYk7a4Z+JV975Dv9c8EEiDP8AAABcr337Fnr66dFi+GdQtWolFcpFX7u2q2bMmGbkmAEAiDUM//wdEsM/AAAAt2vbtpmefXaMGP4ZVKNGaYVy0det665p0yYbOWYAAGKN7weDmPide+YHkD4Y/gEAALheq1aN9fzz48Twz6BatcoolIuektJDkydPMHLMAADEGt/hn4kPTHD09w46geEfAACA6zVv3lCHDk0Qwz+D6tQpq1Au+qZNPTVx4jgjxwwAQMy58gMTGP79l6eGf1e8bdrVxwkAAOCspk3r6+WXJ4rhn0H16t2qUC765s29NX78aCPHDABAzHFw+PfnEC/AJ/b6fC+7WTs2398hGMJQMazhnwPf34a0r9xM+z18304d7oDQ91Wilwv1fdrB9oPFr5nhnkv35/ytg781C+1Tpx2/RgAAIKBGjero1Vcni+GfQQ0alFMoF33LlniNHTvKyDEDABBzfAcwTg1y/Hwdv8MoOwUdXAUauoUw/App+Ofg97fM93sm6oDF47CzzJbXzeK5Wd8HGQxMre5d3/W84s8FPxbrA1unrxEAAMhYgwY1deTIFDH8MyguroJCuejbtvXR6NEJRo4ZAICYE2QwYouFQUzAV0WFPfw7oEQ7Xyejc7R9TRz+/pZZHDiGPNiyeV4ZDbd8r6vlLL6S1Nbwz6lhrcPXCAAAWFavXnW9+eY0MfwzqHHjigrlot95Z1+NGjXMyDEDABBznPr9dhYHMaEPAAO9DTO0AVjQ+Zut4V8Evr8NYb2aMuhahzDUCjZUDHnw99/8vuXb8qtWfc4lMcXWmgVeK4evEQAAsKV27So6enS6GP4Z1LRpJYVy0e+6q79GjBhs5JgBAIg9PgMMh4Z/dn53oO9A0M5gzP8w0XdQ6GdAZ+cVakEOKCLf34Zgw790a+Dnd+z5P7XAA80Mv6bfLxhoSGZ9UGhl+Bd4z1kY0l1x3NY+AdvpawQAAOyqWbOS3nlnhhj+GdS8eWWFctHvvru/hg8fZOSYAQCIPb6DEWc+6CCc4Z/lv+vv1WQBByu+w5ogr76yOvyL1Pe3we6HeqQbVlp9e3agr+lzDfytnb9jzPid1BkP9qzvm+DDv3THYmH9nb5GAADAvurVK+r48Zli+GdQq1ZVFcpF37mznxIShhg5ZgAAYo+/D40I4asYGP6lG8Bk9Go6q68Uszj8i9j3t8HKMM/nL/gMLH3X28+gLNjXzPCc0n89Ky98s/JqUCeGf/6PJaNXwzp9jQAAQCh45Z8LtGlTTfzOPwAA3C4yw79w3rprbTiS/m2XGX9P39/9FuAvWHqbZgS/vw32r3vwVyCmf0VbBvvB51r5fn/bw8nLXzbjV0laPvdAv2/Q6qs0fYZ/Tl8jAAAQmjp1quqvf+V3/hnVrl11hXLR+bRfAACiyZnhn+9bO20NOEJ5ZVSGr2Dz+5eCDnUCHY/fIVEkv78NoQxOAw/W0g80M/p6GQ3gQtsX1vak5a/td/gX7G3XwdbJ+WsEAABCw6f9ukCHDjUUykXfsiVeY8eOMnLMAADEHmd+F13Uh38hfohCmuMMZ/gXye9vRwjXLvBa+b6d1cJeCPqqtlAHy9Y+hCas4V/Q9Qr2/Z2+RgAAIFQNG9bS669PEcM/gzp1qqlQLvrmzb01fvxoI8cMAEDscd/wz9IgLYrDPyufNHtVDv+sHF/QwVaInyRt8XcuWt5z6T7lOKM9bmP4F/Y1AgAAoWrcuK5eeWWSGP4Z1KVLLYVy0Tdu7KlJk8YbOWYAAGLP1TH8s/ohCpEa/jn6/e0wPfzzGdQ5MvyzuB9CHv5leBwOD/+CXiMAABCqpk3r6+WXJ4rhn0HdutVWKBd9w4YemjJlopFjBgAgFln5cAV7X8Otr/zzGXRa/BRf5175Z+372xLRt/1aeJuuneFfKL8XMcg5Wd1z9j90xM7bfsO9RgAAIFQtWsTpxRfHi+GfQT161FEoF33duu6aNm2ykWMGACAWhTW4c+JrWHybZ9C/E8IrsAINlSwN/yL4/W2xPYQM9krPUIZ1af9O2nOy/6rS9J+k6/zwL+PrHuw6OH2NAABAqFq1aqznnx8nhn8G9epVV6Fc9LVru2rGjGlGjhkAgFjkyeFfCB+8YPUVjtaGRZH7/rbYHf6l+/13Vw6v0r/qLuOlCP5qRjuvuvM3+IvE8M/2OWXwicjhXiMAABCatm2b6dlnx4jhn0Hx8fUUykVfvbqLZs2aYeSYAQCIRfZfGZWeo8M/i78bzvd7Bv17Nn7vm9XrEanvb4ut4V/6wVWGw7qMjjPoMFH+P2k33ddMe1xxcdaGdVb3XCh7M9jfcfwaAQCAkHTo0FIHDowWwz+D+vatr1Au+qpVnTV7dpKRYwYAIBY5Mfyz/+qqNH85pOGf38GSn1fUpRvSZXB8lq9HhL6/LekGSxbfphzo1Yd+/5y/YZXvKx8Dn5u/8w9cog5Y/HRcq3sulL3pe8xprmkErhEAALCvU6fW2rcvUQz/DOrfv4FCuejLl3fSvHlzjRwzAACxyIm3/RoZ/vn5vpbK4ODsnEskvr8tfoZ/VvM/1PTz6sCwz8/610w84HtO1t+e7dzv/Mvo70TiGgEAALu6dm2vv/xlpBj+GTRwYEOFctGXLu2gBQsWGDlmAABikRO/iy6s4V9In5x75V+3MXSxMFi0Owx1+vvbEurwL9hx+H1lm5387aGMB2Z/DNjS7qXwh3+hfCJyhnsyItcIAADY0b17R+3ZM0IM/wwaPDhOoVz0xYvba9GiRSYOGQCAGPXn2xND/yTSK97iaHfAFcpwJt2XcG7w5sTbRKMy+PvvN7Y/eArpA1UC9d+3u1p/dZ2/r5t2EGZ1+Gd5z4Wyvyx9CE2krhEAALCiV68ueuyx4WL4Z9DQoY0UykVftKi9Fi9ebOSYAQCAGX8Oz8L5MIRAry6z+TWvHPzYe/+yM9/fjnSDrZTAA6mQho8BBlz+vtYfxxLmkDPtINWJa3flulj/en8eR0av0ov+NQIAAFKfPt21e/dQMfwzaPjwxgrloi9Y0E5Lly41cswAAACe4sCrJt3Fd4DKJ+MCAAD/+vXrqYcfHiKGfwYlJDRRKBd97ty2WrFihZFjBgAA8JSrbfgXxoe/AACA2DJwYLweeGCwGP4ZNGpUaMO/2bPbaNWqVUaOGQAAwFOusuFfuk9P5lNxAQBAAIMH99N99w0Uwz+DRo9uplAu+qxZrbV69WoThwwAAOAtV9XwL/3vzmP2BwAAAhk2bKDuuWeAGP4ZNHZsM4Vy0WfMaK21a9eaOGQAAABvuWqGf/4+LIXf9wcAAAJLSBiinTv7ieGfQePHN1coF33atFZat26dkWMGAADwFLcP/y7/Dr8ggzzf3/PHW34BAIAFo0YN15139hXDP4MmTmyhUC765MktlZKSYuSYAQAAPMXVw7/0b+O1XpxcdSoAAMB1xowZqa1b48Xwz6DJk1sqlIs+dmwzbdmyxcgxAwAAeMpVOvzjRX8AACAjU6ZM1IYNPcTwz6CpU1splIuekNBEO3fuNHLMAAAAnuLq4Z90IJFX/AEAgMiYPTtJq1Z1FsM/g6ZPD234N2hQQ+3atcvIMQMAAHjNnwM2t35AhoVXAMaliJkfAACwY9GiRVq0qL0Y/hk0c2ZrhXLR+/Spr927dxs5ZgAAAAAAALjfqlWrlJTURgz/DAp1Abp1q629e/caOWYAAAAAAAC434YNG0L+vAmGfw6ZM6etQrnoHTrU0IED7nzTCgAAAAAAAMzbunWrRo9uJoZ/Bs2b106hXPSWLavo+eefN3LMAAAAAAAAcL977rlHQ4c2EsM/g+bPD23417hxRb3yyitGjhkAAAAAAADu9/DDD6tv3/pi+GfQwoWhDf/q1r1Vb775ppFjBgAAAAAAgPvt3btX3brVFsM/g0L9uOXq1Uvp+PHjRo4ZAAAAAAAA7vf000+rXbvqYvhn0OLFoQ3/KlYsphMnThg5ZgAAAAAAALjfoUOH1KxZJTH8M2jp0g4K5aKXLl1Ep0+fNnLMAAAAAAAAcL8jR46ofv1yYvhn0LJlHRXKRS9atIC++OILI8cMAAAAAAAA9zt+/LiqVy8lhn8GrVjRSaFc9AIFcuv8+fNGjhkAAAAAAADu99FHH6l8+aJi+GfQypWdFcpFz5Uru3744QcjxwwAAAAAAAD3++yzz1SiRCEx/DMoObmLQrnoWbNer4sXLxo5ZgAAAAAAALjfuXPnVKhQHjH8M2j16tCGf5kzZ9Z//vMfI8cMAAAAAAAA9/vhhx+UK1d2MfwzaM2arrJ7wX/7bb2uvTaLmQMGAAAAAACAJ/zrX//SDTdcJ4Z/Bt12WzfZveA//bRGN96Y1cwBAwAAAAAAwDP+++7RDWL4Z8i6dd1l94JfuLBSefLkNHPAAAAAAAAA8Ixs2W7QxYtrxfDPkA0besjuBT93bpkKFcpn5oABAAAAAADgGXny5NSFCyvF8M+QlBT7w7+zZxcrR47sSkqaYaw5c2YpOTnZaLfffru2b99urJ07dyo1NdVoBw4c0MGDB4116NAhHT161GgfffSRzpw5Y6zPP/9cFy5cMNpvv/1m5gEMAAAArvXvf//b+PPUTz/91Ohz9ZMnTxq/X3nhhReM3rPt27fP+H3rjh07jN67b9q0yfj8Ys6cWUZnONmzZ9NXXy0Vwz9DNm3qqVAu+t1391dychdjrVzZWUlJrYw2YUIzJSY2NlZCQiPFx9c1WocO1dW6dRVjNW9eSbVrlzFa+fK3qHTpwsYqXryg8uTJYbRrr82iTJkyGeu6665Vnjw5icIqf/48Kl26qMcrRkSli8n8z2L4mX5MpKujzJkzG32Odv3118n089SSJQvJ5HP1ChWKGr9fadmystF7tk6dahi/bx050tx9e2JiY02c2Mz4/GLlys5GZzj33jsgpNkTwz+H3H57L4W7AEREJvv113W6cGElUVh9880KnTmzgIjIFZl+TKSro3B/uT4RkZti+BeGO+7oLdMLSEREREREREREFCiGf2HYsiVepheQiIiIiIiIiIgoUAz/wrBtWx+ZXkAiIiIiIiIiIqJAMfwLw/btDP+IiIiIiIiIiMi9MfwLw5139pXpBSQiIiIiIiIiIgoUw78w7NzZT6YXkIiIiIiIiIiIKFAM/8Jw1139ZXoBiYiIiIiIiIiIAsXwLwz33DNApheQiIiIiIiIiIgoUAz/wnDvvQz/iIiIiIiIiIjIvTH8C8OuXQNlegGJiIiIiIiIiIgCxfAvDPffP0imF5CIiIiIiIiIiChQDP/C8OCDg2V6AYmIiIiIiIiIiALF8C8MDz00RE4uxty5bZWY2NhvM2e2UlJS+ubPb6vk5C5+27y5t7Zv75OuHTv6KTV1mN+efHKUDh4c57e33pqmo0enp+vdd2fpzJkFfjt/frkuXFiZrh9+SHb02hEREf3Rjz8m+/235+uvlwf89+q995L8/hv3179OD/jv4lNPjQr47+mOHf38/hu8eXPvgP9uL1jQzu+/9bNmtQry/KC1Ll3aYPyaExEREZF7Y/gXhocfdnb4lyVLZm3dulXbt29P15o1a5ScnJyuZcuWKilpht/Gj09UYuKwdI0cOUTx8V391rlza7Vu3dhvdetWU+3aVdJVrVp5lS5d1G8FC+ZVnjw505Ur103KlCmT37Jlu0F58uQIWr58OVW6dOEMq1atpGrXLhO0Bg3KqXXrKhnWq1cdxcfXDdrgwQ0D3qD90ejRTfze3Pm2dGmHgDeIVlq7tqvfG087Pfjg4IA3tlbas2dEwJtmq73xxlS/N+TR7NSp+QEHBrHS6dPzja/Dm29OC3s/7d2bENaefuihIWH/XN12W7ewfraXLu1g6TFk9OgmGT4eDR7cMMPHtV696lh6jGzQoFyGj7fVqpW09NidL1/ODP8dyJbthoD/juTMmd3vvz0FCuQJ+O9V1arl/P4bV6dOlYD/Lnbu3Drgv6cjRw7x+2/w+PGJAf/dXrp0sd9/61evXu33ucH27dt17bVZ9O9/r3P0+QgRERERXV0x/AvD7t1D5eRiXHPNNbp06VJ0T8KFLl68qAsXLgTt22+/1ZkzZzLs3Xff1dGjR4N25MgRHTx4MMMee+wxpaamBm3Xrl0Bb9D+aNu2bX5v7nxbsGBewBtEK82YMcXvjaedBgzoFfDG1ko9enQIeNNstXr1/A+do1nZsiVUunSxmK5MmeLG16FevWph76fu3duHtaf79+8Z9s/V9OmTw/rZnj9/rqXHkED/M+nK7rvvvgwf1x599FFLj5Gvv/56ho+3x48ft/TY/c0332T478DPP/9s+p8rV8ia9Xr98stamX5CSURERETujeFfGFJTh8mphbh0aYOuueaaaJ8CAADwsBtvzKqff14j008oiYiIiMi9MfwLw2OPDZdTC/H77+uVJUvmaJ8CAADwsJtuulH/93+rZfoJJRERERG5N4Z/YXj88RFyaiF+/XWdrrvu2mifAgAA8LCcObPrxx/5EC0iIiIiChzDvzDs3ZsgpxbiX/+6TTfccH20TwEAAHhY7tw59P33q2T6CWUsdPr0/LA+rIeIiIjoys6cWRC15zEM/8LwxBPODf8uXlyrbNluiPYpAAAAD8ubN5e++26lTA/GYqFFi9qrceO4sD6wh4iIiCgpaYbi4hpo6dIOUXsew/AvDE8+OUpOLcRPP61R9uzZon0KAADAw/Lnz61vvlkh04OxWGjx4vZatGiR1aUBAAAIaP78eVq2rKOi9TyG4V8YnnrKueHfP/+5Wjly3BjtUwAAAB5WsGBenT+/XKYHY7HQ0qUdtGDBAstrAwAAEMjcuXO0YkUnRet5DMO/MOzfnyinFuKHH5KVK9dN0T4FAADgYYUL59dXXy2V6cFYLLR8eSfNmzfX8toAAAAEMnt2klat6qxoPY9h+BeGAwdGy6mFuHBhpXLnzhHtUwAAAB5WpEgB/eMfS2R6MBYLrVzZWXPmzLa8NgAAAIHMmjVDq1d3UbSexzD8C8PTTzs3/Pvuu5XKmzdXtE8BAAB42C23FNTf/87wLxolJ3dRUtJMy2sDAAAQyIwZ07R2bVdF63kMw78wPPvsGDm1EN98s0L58+eO9ikAAAAPK1assM6eXSzTg7FYaM2arpo5c7rltQEAAAhk2rTJWreuu6L1PIbhXxiee26snFqI8+eXq2DBvNE+BQAA4GElStyszz5bKNODsVho3brumjZtsuW1AQAACGTKlInasKGHovU8huFfGJ5/fpycWoivvlqqwoXzR/sUAACAh5UqVVSffLJApgdjsdCGDT00ZcpEy2sDAAAQyMSJ47RpU09F63kMw78wvPDCeDm1EP/4xxLdfHPBaJ8CAADwsDJliuv06fkyPRiLhTZu7KlJk8ZbXhsAAIBAxo8frc2beytaz2MY/oXh0KEJcmohvvhisYoWLRTtUwAAAB52660l9Le/zZPpwVgsdPvtvTRhwhjLawMAABDI2LGjtGVLvKL1PIbhXxheesm54d/nny9S8eJFon0KAADAw8qXL6WPPpor04OxWOiOO3pr3LhEy2sDAAAQyOjRCdq2rY+i9TyG4V8YDh+eJKcW4tNPF6pkyVuifQoAAMDDKlYsoxMn5sj0YCwW2ro1XmPGjLS8NgAAAIGMGjVMd97ZV9F6HsPwLwyvvOLc8O/MmQUqXbpYtE8BAAB4WOXKt+qDD2bL9GAsFtq+vY8SE0dYXhsAAIBAEhKGaOfOforW8xiGf2F47bXJcmohTp2ar7Jli0f7FAAAgIdVrVpe772XJNODsVhox45+GjlyqNWlAQAACGj48EG6++7+itbzGIZ/YXj99SlyaiE+/nieypUrGe1TAAAAHla9ekUdPz5TpgdjsdBdd/XXiBGDLa8NAABAIEOHDtC99w5QtJ7HMPwLw5EjU+TUQpw8OUcVKpSO9ikAAAAPq1mzkt55Z4ZMD8ZioXvuGaBhwwZaXhsAAIBABg/up127Bipaz2MY/oXhzTenyamF+PDD2apUqWy0TwEAAHhY7dpVdPTodJkejMVC9903UEOG9LO8NgAAAIEMHBivBx4YrGg9j2H4F4a33nJu+Pf++0mqUqVctE8BAAB4WN261Rx9PkKBu//+QRo0qI/ltQEAAAikf/9eeuihIYrW8xiGf2Fw8v+0v/vuLFWrViHapwAAADysfv0aeuONqTI9GIuFHnxwsAYM6G15bQAAAALp27eHHnlkqKL1PIbhXxjeftu537Fz7NhM1ahRMdqnAAAAPKxhw1qOfgAZBe7hh4eoX7+eltcGAAAgkPj4bkpNHaZoPY9h+BeGY8ec+3S9t9+eoVq1Kkf7FAAAgIc1alRHr746WaYHY7HQ7t1D1adPd8trAwAAEEivXp312GPDFa3nMQz/wnD8uHPDv7/+dbrq1Kka7VMAAAAe1qRJPR0+PEmmfZCM0QAAIABJREFUB2Ox0KOPDlfv3l0trw0AAEAgPXp00p49IxSt5zEM/8Lw3ntJcmoh3nxzmurVqx7tUwAAAB7WrFkDvfTSBJkejMVCjz8+Qj17dra8NgAAAIF069ZeTzyRoGg9j2H4F4b333du+HfkyBQ1aFAz2qcAAAA8rEWLOL344niZHozFQnv3Jqh79w6W1wYAACCQLl3a6sknRylaz2MY/oXhgw9my6mFeO21yYqLqx3tUwAAAB7WqlVjPf/8OJkejMVCf/nLSHXt2s7y2gAAAATSqVNr7duXqGg9j2H4F4YTJ+bIqYV45ZVJaty4brRPAQAAeFibNk313HNjZXowFgs99dQode7cxvLaAAAABNKhQ0sdODBa0Xoew/AvDCdPOjf8e/nliWratH60TwEAAHhYu3bN9cwzY2R6MBYL7d+fqI4dW1leGwAAgECi/RyO4V8YPv54npxaiEOHJqh584bRPgUAAOBh0f6/xrHc00+PVvv2LSyvDQAAQCDRfvcGw78w/O1vzg3/XnhhvFq2bBTtUwAAAB4W7d8XE8s9++wYtW3bzOrSAAAABBTt39vM8C8Mp0/Pl1MLcfDgOLVu3STapwAAADws2p8UF8vxXA0AADilRYs4vfjieEXreQzDvzCcObNATi0E/zcZAADY1a1bez3xRIJMD8ZiId6lAQAAnNKsWQO99NIERet5DMO/MHz66UI5tRD8HhkAAGBXjx6dtGfPCJkejMVC/H5mAADglCZN6unw4UmK1vMYhn9h+Owz54Z/fIIcAACwq1evznrsseEyPRiLhV5+eaKaNq1veW0AAAACadSojl59dbKi9TyG4V8Yzp5dLKcW4qmnRqlz5zbRPgUAAOBh8fHdlJo6TKYHY7HQK69MUuPGdS2vDQAAQCANG9bS669PUbSexzD8C8MXXzg3/PvLX0aqa9d20T4FAADgYX379tAjjwyV6cFYLPTaa5MVF1fb6tIAAAAEVL9+Db3xxlRF63kMw78w/P3vS+TUQuzdm6Du3TtE+xQAAICH9e/fSw89NESmB2Ox0JEjU9SgQU3LawMAABBI3brV9NZb0xSt5zEM/8Lw5ZdL5dRCPP74CPXs2TnapwAAADxs4MB4PfDAYJkejMVCb745TfXqVbe8NgAAAIHUrl1FR49OV7SexzD8C8NXXzk3/Hv00eHq3btrtE8BAAB42ODB/bRr10CZHozFQn/963TVqVPV8toAAAAEUrNmJb3zzgxF63kMw78wnD+/XE4txO7dQ9WnT/donwIAAPCwoUMH6N57B8j0YCwWevvtGapVq7LltQEAAAikevWKOn58pqL1PIbhXxi+/tq54d/DDw9Rv349o30KAADAw4YPH6S77+4v04OxWOjYsZmqUaOi5bUBAAAIpGrV8nrvvSRF63kMw78wfPvtCjm1EA8+OFgDBvSO9ikAAAAPS0gYop07+8n0YCwWevfdWapWrYLltQEAAAikcuVb9cEHsxWt5zEM/8Lw3Xcr5dRC3H//IA0a1CfapwAAADxs1KhhuvPOvjI9GIuF3n8/SVWqlLO8NgAAAIFUrFhGJ07MUbSexzD8C8P336+SUwtx330DNXhwv2ifAgAA8LDExBHatq2PTA/GYqEPP5ytSpXKWl4bAACAQMqXL6WPPpqraD2PYfgXhh9+SJZTC3HPPQM0dOiAaJ8CAADwsDFjRmrLlniZHozFQidPzlGFCqUtrw0AAEAgt95aQn/72zxF63kMw78w/Pijc8O/u+7qr+HDB0X7FAAAgIeNG5eozZt7y/RgLBb6+ON5KleupOW1AQAACKRMmeI6fXq+ovU8huFfGP7v/1bLqYXYsaOfEhKGRPsUAACAh02YMFabNvWU6cFYLHTq1HyVLVvc8toAAAAEUqpUUX3yyQJF63kMw78w/PTTGjm1EHfe2VejRg2P9ikAAAAPmzRpvDZuZPgXjc6cWaDSpYtZXhsAAIBASpS4WZ99tlDReh7D8C8MTg7/tm3ro9GjE6J9CgAAwMOmTJmoDRt6yPRgLBb69NOFKlnyFstrA/w/e/cZJkW1bnF8BAVRMpJBkigYkCBpEAVERAkCAmIAFGRQQFFAUUAQESU7ophzBhWMYzp6jgEDonLNOiKKigkxo5jW/YBhpquqe3dX9a6u7v/vedaHe6zp6d1vM7Nn3aouAAC8NGxYRxs3nidb+xjKPx9++im48u/yy4folFPG2F4CAACIsEmTJmrx4gEKuxjLhXz00Sztvntd49kAAAB4qV+/lj75ZLZs7WMo/3zYunWhghrEZZcN1vjxY20vAQAARNiUKZO0cGF/hV2M5UI+/vg8NWhQ23g2AAAAXurWralNm86XrX0M5Z8PP/8cXPm3dOkgnXrqONtLAAAAEXbWWVM0f34/hV2M5UI+/XS26tWrZTwbAAAAL7Vr19Dnn8+RrX0M5Z8Pv/yySEENorBwoCZOnGB7CQAAIMLOPnuqLrqor8IuxnIhn312vurU2c14NgAAAF5q1qymL7+8QLb2MZR/PmzbtlhBDWLJkgE644zTbC8BAABE2LRp52ju3D4KuxjLhXzxxQWqVau68WwAAAC81KhRRZs3z5WtfQzlnw+//hpc+bdo0ZGaPPl020sAAAARNmPGdM2Zc4TCLsZyIV99NVe77VbVeDYAAABeqlWrrC1bLpStfQzlnw9Bln8LFvTXmWdOtr0EAAAQYTNnztTs2Ycr7GIsF/L11xeqevUqxrMBAADwUqVKRX377TzZ2sdQ/vnw229LFNQg5s3rp6lTz7S9hGgqLlR+Xp7yYlNQ5O9xiwqcj5lfqOJgnjUAAIGbNWuWZs3qrbCLsVzIN99cpKpVKxnPBgAAwEulSrvo++/ny9Y+hvLPh99/D678u/DCvjrnnLNtLyGavMq/vAL5qf+KClwek/IPAJDBZs+erZkzKf9s5Lvv5qly5V2NZwMAAOBl110r6McfF8jWPobyz4c//rhYQQ3iggv6aPr0abaXEE2e5V+eUj/5r0gFbo9J+QcAyGBz5szRjBmHKexiLBfyww/zVbHiLsazAQAA8FKhQnlt3bpQtvYxlH8+/PlncOXf+ecfrnPPPdf2EqIpTvmX8qW/bpf8Uv4BADLc3LlzNW1aL4VdjOVCfvppgXbZZWfj2QAAAHgpX76cfvllkWztYyj/fAluEOed11uzZs2y/PwjKl75l+Klv66X/FL+AQAy3EUXXaSzzz5UYRdjuZCff16onXcuZzwbAAAALzvttGOgN5FNFMo/X4IbxKxZvXXeeefZXkA0xZZ/BQWlLtlN/uS/kpf85is/n/IPABAN8+fP11ln9VTYxVguZNu2xSpXbifj2QAAAHgpW7ZMoPeRSBTKP1+CG8S55x6m888/3/YCoslR/hWVOnMvvzDJuq7k4+UXqrCA8g8AEA0LFy7UlCmUfzby229LtOOOZY1nAwAA4GWHHXYI9KPkEoXyz5fgBjF9ei9dcMEFthcQTS7lX6nP7EuysCsuzC9VHBZR/gEAImLx4sWaNOkQhV2M5UL++ONilSlTxng2AAAAbv7880/tsMMOsrmPofzzJbhBnHNOL1144YW2FxBNbuVfzKW75if/Faswv/TXpVz+xf0swiQeq9TNR0qvpWRRmdJdjtP52G6Cek0AAK4uvvhinX56D4VdjOVK8vIycDsKAAAi5ffff1fZsmVkcw9D+edLcIOYOvVQzZs3z/YCosm1/CtZ4iVx6W/MJb/FSr788yrNvJPgpiSuBV1Rqc819ErCoi6dj53O1wQA4OqSSy7RaadR/tlKmTJl9Mcff5iOBwAAwOHXX3/VTjvtKJt7GMo/X4IbxJln9tSCBQtsLyCaXMu/mMLJ8Iyy2Et+peTKP8+7BPspuxwFnVk5Z1R8pvOx0/maAABcXXrppZowobvCLsVyJTvuWFa//fab6XgAAAAcfvnlF5Uvv5Ns7mEo/3wJbhBTpvTUwoULbS8gmjzKv9L/u8mlv85LfiXz8s/t7Davs+PcjvUs0koVdDFxPJ/SZzwmPEsvnY+dztcEAODqsssu0/jx3RR2KZYrKVduJ23bts10PAAAAA5bt25VhQrlZXMPQ/nnS3CDmDz5EC1atMj2AqLJq/xL9tJfl0t+JdPyL/aMOYOz1hyff+fxNR4FnfkZfSE9djpfEwCAq2XLlmncOMo/W6lQoby2bt1qOh4AAACHH374QRUrVpDNPQzlny/BDWLSpEO0ePFi2wuIJs/yL7lLf90u+ZXMyr/Ys9ZMPw+v9CWxHmcnuhR0JmfEGT2nND52Wl8TAICryy+/XKeccrDCLsVyJbvuurN+/PFHw+kAAAA4fffdd6pceVfZ3MNQ/vkS3CAo/5IQp/wzv/TX/ZJfyaz8K11YmZ+tVrogMy3/TB8/5sw7t/YtjY+d1tcEAOCK8s9uKlXaRd9//73hdAAAAJy++eYbVa1aUTb3MJR/vgQ3iDPO6KElS5bYXkA0xSv/TC/99bjkV0r+br/JPfUUyr8kbrObsIBL52OniPIPAFJ3xRVX6OSTD1bYpViupHLlXfXdd98ZTgcAAMBpy5YtqlatkmzuYSj/fAluEKef3kMXX3yx7QVEU9zyL6ZM8ii3vC75ldJU/rl+1p5Z+ZdEP5e4SEvnYycrmdcEAODqyiuv1NixBynsUixXUqXKrvr2229NxwMAAODw9ddfq3p1yj8vlH/YLkH5V/q/u52h5n3Jr+Sn/HO/O653TMq/JMuwROVeOh/bVUCvCQDA1fby72CFXYrlSqpWrahvvvnGcDoAAABOmzdvVo0alWVzD0P550twg5g4sYcKCwttLyCaEpV/MYWT8z97X/IrJVv+xd7hlvIvLa8JAMDVVVddpYICzvyzFco/AADgF+VffFld/p12WnddcsklthcQTQnLv/iX/sa75FcyL/9i724bP9vPQEz+M/+iVf6l7TUBALi6+uqrNWZMV4VdiuVKqlWrpC1btpiOBwAAwOGrr77SbrtVkc09DOWfL8EN4rTTelD+mTIo/7wv/Y1/ya9kWP65fl5d4vIqq8u/dL4mAABX28s/zvyzlerVK+vrr782HQ8AAIDDl19+qZo1q8rmHobyz5fgBnHqqd21dOlS2wuIJpPyL+bS038OSXDJr2RS/jk/x870xhmp3O03Gjf8SPNrAgBwdc011+ikkzjzz1aqV69E+QcAAHyh/Isvq8u/CRO66dJLL7W9gGgyKv9iSry/jkl0ya/j69zKv5jv7/U4CR/bsPxL/fFdbnaSrsdO92sCAHB17bXXavRoyj9bqVGjsjZv3mw6HgAAAIcvvvhCtWpVlc09DOWfL8ENYsKE7pR/pgzLv9JF1/ayqmTR5P1lCcq/lM+ei70Rhln5Z37H4ZjHd3ti6XrsdL8mAABXlH92s9tuVfTVV1+ZjgcAAMDh888/V+3a1WRzD0P550twgxg/vpsuu+wy2wuIJtPyr1SxlK/C4pL/t8tZcX9/VZrKP7ebYbhfsez87DyT75HKWYWBPXa6XxMAgKvrrrtOo0YdqLBLsVwJ5R8AAPCL8i++rC7/xo3rpmXLltleQDQZl3+lS6v8fO87AHt9jcllvyZnz3ndBde0/EvuphmmZ0MG+Njpfk0AAK6uv/56nXgi5Z+t1KxZVV9++aXpeAAAABw+++wz1alTXTb3MJR/vgQ3CMq/JCRR/nndgTb+lyQqsZw3t/A8k9DzDrjJln9ea3V7LnHKvLQ9dppfEwCAK8o/u6lVq6q++OIL0/EAAAA4bNq0SXXr1pDNPQzlny/BDeKUUw7W5ZdfbnsB0ZRM+ef4TLn4l/xKJuWfy3MwSr4KiwxujBF7U4589zPkPL9HvFPu0vnY6XxNAACubrjhBp1wQheFXYrlSij/AACAX9vLP87880L5h+2SKv9iP68uyePjXb6aTNn1z/eMOUPO9DMFE5wtZ1Jqpv2x0/maAABcUf7ZTe3a1fT555+bjgcAAMDh008/Vb16nPnnJavLv5NPPlhXXHGF7QVEU5LlX7I3ozAu/zweP9H3Kv1Zd8ndPMNRZCZblqXzseN8H9+vCQDA1Y033qiRIyn/bKVOner67LPPTMcDAADg8Mknn6h+/d1kcw9D+edLcIMYO/YgXXnllbYXgEyU4p1zQ39sAIB1N910k0aMyFfYpViuhPIPAAD4RfkXX5aXfwdT/mE7yj8AgKHt5R9n/tlK3brVtWnTJtPxAAAAOHz88cdq0KCmbO5hKP98CW4QBQUH6aqrrrK9AGQiyj8AgKGbb75Zw4dz5p+t1KtXQ59++qnpeAAAABw2btyohg0p/7xkdfk3ZkxXXX311bYXgExE+QcAMHTLLbfo+OM7K+xSLFdC+QcAAPyi/Isvy8u/gyj/sB3lHwDA0PbyjzP/bKV+/d30ySefmI4HAADA4aOPPtLuu9eSzT0M5Z8vwQ3ipJO66pprrrG9AGQiyj8AgKFbb71Vxx3HmX+20qBBTX388cem4wEAAHD48MMP1ahRbdncw1D++RLcIEaP7qprr73W9gKQiSj/AACGbrvtNh17bCeFXYrlSij/AACAX5R/8VH+ITdQ/gEADG0v/zjzz1YaNqypjRs3mo4HAADAYcOGDWrcmPLPS1aXf6NGHajrrrvO9gIAAECE3X777TrmGM78s5Xdd6+ljz76yHQ8AAAADh988IGaNKkjm3sYyj9fghvEiSceqOuvv972AgAAQITdcccdGjaM8s9WKP8AAIBflH/xUf4BAACUQPlnN40a1daHH35oOh4AAACH9evXq2nTurK5h6H88yW4QZxwQhfdcMMNlp8/AACIsjvvvFNHH91RYZdiuZLGjWtrw4YNhtMBAABwev/999WsGeWfl6wu/0aO7KIbb7zR9gIAAECELV++XEOHUv7ZCuUfAADwi/IvPso/AACAEij/7KZJkzr64IMPTMcDAADgUFxcrD32qCebexjKP1+CG8SIEfm66aabbC8AAABE2IoVKzRkSAeFXYrlSpo2rav169ebjgcAAMDhvffeU/Pm9WVzD0P550twgxg+PF8333yz7QUAAIAIu+uuuzR4MOWfrVD+AQAAvyj/4qP8AwAAKIHyz26aNaur999/33Q8AAAADu+++6723JPyz0tWl3/HH99Zt9xyi+0FAACACLv77rt11FHtFXYplivZY496Ki4uNh0PAACAwzvvvKO99mogm3sYyj9fghvEccd11q233mp7AQAAIMLuueceDRpE+WcrlH8AAMAvyr/4KP8AAABKoPyzm+bN6+u9994zHQ8AAIDD22+/rRYtGsrmHobyz5fgBnHssZ1022232V4AAACIsJUrV2rgwAMUdimWK9lzz/p69913TccDAADg8NZbb6llS8o/L1ld/h1zTCfdfvvtthcAAAAibNWqVRowoJ3CLsVyJZR/AADAL8q/+Cj/AAAASthe/nHmn63stVcDvfPOO6bjAQAAcHjzzTe19967y+YehvLPl+AGMWxYJ91xxx22FwAAACLs3nvv1ZFHcuafrbRo0VBvv/226XgAAAAc3njjDe2zTyPZ3MNQ/vkS3CCOPrqj7rzzTtsLAAAAEXbfffepf/+2CrsUy5VQ/gEAAL8o/+Kj/AMAAChhe/nHmX+20rJlQ7311lum4wEAAHB4/fXXte++jWRzD0P550twgxg6tKOWL19uewEAACDC7r//fvXrx5l/trL33rvrzTffNB0PAACAw2uvvab99mssm3sYyj9fghvEkCEdtGLFCtsLAAAAEfbAAw+ob982CrsUy5VQ/gEAAL8o/+Kj/AMAAChhe/nHmX+2ss8+jfTGG2+YjgcAAMDh//7v/9SqFeWfl6wu/wYP7qC77rrL9gIAAECEPfjgg+rThzP/bGXffRvp9ddfNx0PAACAw7p167T//k1kcw9D+edLcIOg/AMAAMmi/LMbyj8AAOAX5V98WV3+HXVUe9199922FwAAACLsoYce0hFHtFbYpViuZL/9Guu1114zHQ8AAIDDq6++qtatm8rmHobyz5fgBjFoUHvdc889thcAAAAirKioSIcf3lphl2K5kihtnAEAQGZ65ZVX1KYN5Z8Xyj8AAIASKP/sJkobZwAAkJko/+LL6vJv4MADtHLlStsLAAAAEfbwww+rd+/9FXYplivZf/8mWrdunel4AAAAHF5++WW1bdtMNvcwlH++BDeIAQPaadWqVbYXAAAAIuyRRx7RYYdR/tlK69ZN9eqrr5qOBwAAwGHt2rVq124P2dzDUP75EtwgBgw4gPIPAAAkhfLPbij/AACAX9vLP87885LV5d+RR7bTvffea3sBAAAgwh599FH16tVKYZdiuZI2bZrqlVdeMR0PQlOswvw85eUlkwIVhf20YUmRikIddpEK8vKUl5evwuIwnweAsLz00ks64ADO/POS1eVf//5tdd9999leAAAAiLDHHntMhx5K+Wcrbds208svv2w6HoSG8g/uigq2z7uA8g9AiNasWaP27ZvL5h6G8s+X4AbRv387yj8AAJAUyj+7ofyLin/Lv3zaFfzj79It7PIPQK6j/Isvq8u/fv3a6v7777e9AAAAEGGPP/64evbcT2GXYrmSdu2aae3atabjQWgo/+CG8g9AZnjxxRfVoQPln5esLv/69m2jBx54wPYCAABAhP3nP//RIYdQ/tnKAQfsoZdeesl0PAgN5R/cUP4ByAwvvPCCOnbcUzb3MJR/vgQ3iL5921L+AQCApFD+2Q3lX1QEV/4VF+Y7Ph/Q+zH/LpcKVOTyuYMFRZKKC5Vf6jMG/y2k8lyLKed/T3pN/3zPvz9jLpnHNFhTqq9XUUHpz1v85//+O4k/E8/0+/39WX+OOFpAr8+LdHsuSXy2ZH6h/v3yxJ/5l6mvI4BgUP7Fl9XlX58+bfTggw/aXgAAAIiwJ554Qj167KuwS7FcSfv2zbVmzRrT8SA0QZR/zoIs8Q1C/i3KChxl01/Hlyz/HCVNTPGS6L8bvxwlyr9C78dMeU2pvl4lSivnY3sXjKl8P5Pyz60Ai18WpqP8y+zXEUAwnn/+eXXqRPnnJavLvyOOaK2HHnrI9gIAAECEPfnkk+renfLPVjp0aK4XX3zRdDwIjd/yr2SpE1PQ/FOkxRY6UmyRUvJ7FxcXO7/epEwq9T1K/vckSpnY7xm7ppIlYyprivd6lfz62MeOKTdLz6rk941dq//5OE/4+/frnO+Zks/F/A69/5aJXq9J7P+e4rrS8TrGmxsA35577jl17ryXbO5hKP98CW4QRxzRhvIPAAAkhfLPbij/oiKJM7Lcyp5/yhSPoqdEEeN5ia7Xh8qVLHHcjolbxMX73vFejpLln0dp6GdNiV4vr9Kt5FrjvhZeZWXq8/G8XNmr6Er2dS+xNufxHuVfqutK1+vIZyQCaUP5F19Wl3+HH95aRUX8VAUAAOb++9//qlu3fRR2KZYr6dhxT73wwgum40Fo/JV//1wiGqfxcD/m37LE84zDRCVSwpIphUIm7lltftdU4rWO84T+KddKHmNcdpX+70HMJ/kyK4mvTfh6u5d/Ka8rpdfRx9wA+LZ69Wrl57eQzT0M5Z8vwQ2id+/99fDDD9teAAAAiLD//e9/OvjgvRV2KZYr6dRpTz3//POm40Fo/Fz2a/a17meKGRREHoXWvxI9hp/yL/4lq6mtyfD5/F1QlXzs2BtVGD12mucT5zl4n8nncbzngW7ln491pfQ6+pgbAN+effZZdelC+eeF8g8AAKAEyj+7ofyLCj/lX5KliMdNL/yXfwFeium4w3CQa0p0w4jYlHhsG6VVUmsxO2PU+/uW+Pq4ZZnbjH2sy+frmPTcAPhG+RdfVpd/hx22vx555BHbCwAAABH21FNP6aCDKP9spXPnvfTcc8+Zjgehofxz/56UfyY3/Cidv+Zg8Jl//95ROFFRRvkH5LpnnnlGBx7YUjb3MJR/vgQ3iF69WunRRx+1vQAAABBhTz/9tLp2tbt5zOXk57fQ6tWrTceD0GTDZb/pKP9CvOzX9Usz57LfhMVdgvLP+86+8dYVgct+AaRFGPs3yj9fghsE5R8AAEgW5Z/dUP5FhZ/yL803lAi1/Iv/NamtycdrnVJplY75GLym8e7eG/fOvvHWFfQNP4IvUQGkB+VffFld/h16aCs99thjthcAAAAiLIzLRnI5Xbq00LPPPms6HoTGZ7FhfPfUFEqkkMs/z8+i81xz4u/371lv3peGBnfGWrzn6lyv2XyS+yzAUscY3knZfV0xzz/VdaX4OqY8NwC+hfGxLZR/vgQ3CMo/AACQLMo/uznwwJZ65plnTMeD0Pg9q6lk2RNTxMQt0iJQ/rmVPSXOXHOedWby/Up+fpzzef97SW0wpVUQ8yn9vij5eLHPJd7dfk3u7BtvXbGvVYrrSvl1THFuAHwL44ZtlH++BDcIyj8AAJAsyj+7ofyLiiAuaUx0QwS3oiXTy798FRTke6/J9ewu0++X+AYSjlmkXFqZfD+3x3S5m+/fD+x5w4+/n3uR4z3175lzJnG7uYfbjFNYV1pfRy4LBtKB8i8+yj8AAIASKP/spmvXlnr66adNx4PQBPd5Zm4Fj/djZn75F3vn2riXmabw/dwLMY9Syldp5f394s88puzyuCGI23//50y4v/639JR/KawrTa8jd/gF0ue///2vunXbRzb3MJR/vgQ3CG74AQAAksUNP+zmoIP21lNPPWU6HiAzGN7tFwBgx5NPPqnu3feVzT0M5Z8vwQ3isMP21yOPPGJ7AQAAIMLC+MDoXA7lHyKJ8g8AMgrlX3yUfwAAACVQ/tkNl/0ikij/ACCjcNlvfFld/vXuvb8efvhh2wsAAAARFsYHRudyKP8QSZR/AJBRKP/iy+ry7/DDW6uoiI9UBQAA5sLYPOZyuNsvIonyDwAyCnf7jY/yDwAAoATKP7vp0qWFnn32WdPxAAAAOITxsS2Uf76BEGyIAAAgAElEQVQEN4gjjmithx56yPYCAABAhIXxgdG5HMo/AADgF+VffFld/vXp00YPPvig7QUAAIAIo/yzm/z8Flq9erXpeAAAAByefvppde3aUjb3MJR/vgQ3CMo/AACQrCeeeEI9elD+2UrnznvpueeeMx0PAACAwzPPPKMDD6T885LV5V/fvm31wAMP2F4AAACIsP/85z865JD9FHYpliuh/AMAAH5R/sWX5eVfG8o/AACQFMo/u+nUaU89//zzpuMBAABwePbZZ9WlSwvZ3MNQ/vkS3CD69Wur+++/3/YCAABAhD3++OPq2ZPyz1Y6dtxTL7zwgul4AAAAHFavXq38fMo/L1ld/vXv30733Xef7QUAAIAIe+yxx3Tooa0UdimWK6H8AwAAfj333HPq3Hkv2dzDUP75Etwg+vdvS/kHAACSQvlnNx06NNeLL75oOh4AAAAHyr/4srr8O/LIdrr33nttLwAAAETYo48+ql69KP9spX375lqzZo3peAAAAByef/55deq0p2zuYSj/fAluEAMGHKBVq1bZXgAAAIiwRx55RIcdtr/CLsVyJQccsIdeeukl0/EAAAA4vPDCC+rYkfLPS5aXf+0o/wAAQFIo/+yG8g8AAPhF+RdfVpd/AwceoJUrV9peAAAAiLCHH35YvXtT/tlKu3bNtHbtWtPxAAAAOLz44ovq0KG5bO5hKP98CW4Qgwa11z333GN7AQAAIMKKiop0+OGtFXYplitp27aZXn75ZdPxAAAAOKxZs0bt21P+eaH8AwAAKIHyz24o/wAAgF+Uf/Fldfl31FHtdffdd9teAAAAiLCHHnpIRxzRWmGXYrmSNm2a6pVXXjEdDwAAgMNLL72kAw7YQzb3MJR/vgQ3iMGDO+iuu+6yvQAAABBhDz74oPr0aaOwS7FcSevWTfXqq6+ajgcAAMBh7dq1ateumWzuYSj/fAluEJR/AAAgWZR/dkP5BwAA/Npe/nHmn5esLv+GDOmgFStW2F4AAACIsAceeEB9+1L+2cr++zfRunXrTMcDAADg8PLLL6ttW87885LV5d/QoR21fPly2wsAAAARdv/996tfv7YKuxTLlURp4wwAADLTK6+8ojZtmoo9jDvKPwAAgBIo/+wmShtnAACQmSj/4svq8u/oozvqzjvvtL0AAAAQYffdd5/696f8s5X99mus1157zXQ8AAAADq+++qpat6b885LV5d+wYZ10xx132F4AAACIsHvvvVdHHtlOYZdiuZJ9922k119/3XQ8AAAADuvWrdP++zeRzT0M5Z8vwQ2C8g8AACSL8s9uKP8AAIBflH/xZXX5d8wxnXT77bfbXgAAAIiwVatWacAAyj9b2WefRnrjjTdMxwMAACKhSAV5ecpLKfkqLDb4FsWFyi/xddWbNJbNPQzlny/BDeLYYzvrtttus70AAAAQYStXrtTAgQco7FIsV7L33rvrzTffNB0PAACIBD/l378pKIrzLWLLv8aUf16yvPzrRPkHAACSQvlnN5R/AABko2DKv7y8POV7nQZI+Wcsq8u/447rrFtvvdX2AgAAQITdc889GjSovcIuxXIlLVs21FtvvWU6HgAAEAmly7+4Z/DFfmVB8pcBv/7669p330ayuYeh/PMluEEcf3y+brnlFtsLAAAAEXb33XfrqKMo/2ylRYuGevvtt03HAwAAIiH18k+SigvzSxeACR7gjTfe0D77NJLNPQzlny/BDeL44ztT/gEAgKRQ/tkN5R8AANnIX/knFasw3/zsP8q/+LK6/Bs+PF8333yz7QUAAIAIu+uuuzR4cAeFXYrlSvbaq4Heeecd0/EAAIBI8Fv+Oc/+i/cYb775pvbee3fZ3MNQ/vkS3CBGjOiim266yfYCAABAhK1YsUJDhlD+2cqee9bXu+++azoeAAAQCf7LPxUVxC//Ym74UbVhQyXcexQPLPU1Jc8sLEpyD9OqVWMtG+zyWPmFKnZ9jgUyexkS3CwlhRczy8u/fMo/AACQFMo/yj8AAOBXppV/Yw3vPmxWAhYXNjG7S3Ey5V/MehMmiRc1q8u/kSO76MYbb7S9AAAAEGHLly/X0KEdFXYplitp3ry+3nvvPdPxAACASAj6sl+Xz/wzLf88z/ZLrQA0Kf7+KQALCozKP8cNTgIuALO6/DvhhC664YYbLD9/AAAQZXfeeaeOPpryz1b22KOeiovjfII3AACIoKBv+OFSnMWWfw0ayLnXcDnjr2Cs4zhHoZc/UMVue5ciZ0nnWJvnGXwe5V/MOuK9Xs6SMP6NUP5G+QcAAFAC5R/lHwAA8Mtf+VdUYHCGm0H5V/pxmqiwOM6+JOYMwfzCGTHHzIgpJCtpmecNP9w+t8+9/Cv9HA0+FzBm3SavbVaXfyeeeKCuv/562wsAAAARdscdd2jYsE4KuxTLlTRrVlfvv/++6XgAAEAkpFj+uZwFZ3rGXJX69VV6n1H6rD9nmedMqTMAY8/+iykHqzdJcLdfx1rc1lEU8xxN/h+ipc+KNPkayj8AAIASKP/spmnTulq/fr3peAAAQCQkuGNtEvEsDmPLv3ox5V9R6c8MNLubb8nCsPSZgrHFYItWCco/pXBWnxHKv1IZNepAXXfddbYXAAAAIuz222/XMcdQ/lH+AQCA1AVR/iX4PLsE5V+p4s3rM/wcKX1pb0GR+/+eXzhDrQzKv9Kf/+e//HNcDk35V6jRo7vq2muvtb0AAAAQYbfddpuOPbazwi7FciVNmtTRBx98YDoeAAAQCT7Kv/xCGX0acEz5V7lePXmWfynm30uFnZcQp6/8S+61o/yj/AMAAEnaXv5x5p+tNG5cWxs2bDCcDgAAiAa/d/s1EFv+1a2rf/cYsTfnCLb8KygqNCv/Sj3H+OVfqmVlzpd/J53UVddcc43tBQAAgAi79dZbddxxnPlH+QcAAFKXHeVfXsFYpb/8Mz/Tb3vRx2f+lcqYMQfp6quvtr0AAAAQYbfccouOPz5fYZdiuZJGjWrrww8/NB0PAACIhBDKvzoly7+Yy37/KfFSTYqX/SYs/4pdS8r4hR7lX6mMGdOV8g8AACRle/nHmX+2svvutfTRRx+ZjgcAAESC/fKvUp068iz/jG/44ZWYMwkLxgbzmX8xazAp8ij/YlJQcJCuuuoq2wsAAAARdvPNN2v4cM78o/wDAACpC7/8Ky5sUqJ4y1eRzz1LbJnYwqD8K/05fs7yr7gwP/kbgqRQGGZ1+Td27MG68sorbS8AAABE2E033aQRI7oo7FIsV9KwYU1t3LjRdDwAACASQij/atdWqX1G8cCYkmyGEu9NnJ/t989/KypZ1OWpepME5V/M80tY/hne5Tj2xiCUf2MPovwDAABJ2V7+ceafrTRoUFMff/yx6XgAAEAk2C//KtaKKf9U6CjKSpV5jsTeJCT2bMHY/15JyzzLP7fP8nM5s6/UZcH5StTjlT5T8O9LkBO/uFld/p188sG64oorbC8AAABE2I033qiRIznzj/IPAACkLjPKv9iz/zw//8/lONei0PW4+M8rmc/883ytSpWElH+lcsopB+vyyy+3vQAAABBhN9xwg044gfLPVurX302ffPKJ6XgAAEAkhFD+1awl1/1GkcvZcokS5+7ApT9LMJm4f6af69l8ycTgcmHKPwAAgBIo/+ymXr0a+vTTT03HAwAAIiGM8q+mPPccbmcAesTkswHNCsB8FRYmuNvv369Wgdlz+/sz/pK9UUhWl3/jxnXTsmXLbC8AAABE2PXXX68TTzxQYZdiuRLKPwAAslGGlX8GJaDZDUH+TatWjbVssPtj/bPeIrPy76+DS71mcc8ajFl7otc3q8u/8eO76bLLLrO9AAAAEGHXXXedRo2i/LOVunWra9OmTabjAQAAcPj444/VoIFB+RdgWrVKcLdfKcnyL30o/wAAAEqg/LObOnWq67PPPjMdDwAAgMMnn3yi+vV3k809jEn5V+ryXIPP5kuXrC7/JkzopksvvdT2AgAAQIRde+21Gj26q8IuxXIllH8AAMAvG+Vfqc/5yx+oFgnLv2IV5id3V950yery79RTu2vp0qW2FwAAACLsmmuu0UknUf7ZSu3a1fT555+bjgcAAMDh008/Vb16NZTOPUvsTT6qN4lf/sXexTfE7o/yDwAAoCTKP7upVauqvvjiC9PxAAAAOGzatEl161ZXWvctLjcLaX3WAy7PJuaMv5Av+ZWyvPw77bTuuuSSS2wvAAAARNjVV1+tMWMo/2yF8g8AAPi1vfxL75l/kvPsP7OEd6OPv2V1+TdxYg8VFhbaXgAAAIiwq666SgUFBynsUixXUrNmVX355Zem4wEAAHD47LPPVKdOms/8+ytJFYAhn/H3N8o/AACAEij/7Ga33aroq6++Mh0PAACAw+eff67atavJ5h6mRb3y3qVfmB/w5yKry7/TT++hiy++2PYCAABAhF155ZUaO5byz1Yo/wAAgF9hlH+tEt7tN3PkzV36uGLjxt5xpV/MuUsvcsTtRXc77owzDtGSJUtCWgfHcRzHcRzHcRzHRfG4wScu0MF9T5TpfoPj/B1Xo0Zlbd68OePeBxzHcRzHcRzHcRwXneO++OIL1apVVTb3ObHlX1ivi4m8+m3PU2zc2Duu9IvsfpxzGG7HnXFGD0f5l3nr5TiO4ziO4ziO47jMPM5sv8Fx/o6rXr2Svv766wx+H3Acx3Ecx3Ecx3Fcph/35ZdfqmbN7eWf+3HB73Niy7+wXhcTectueFaxcWPvuNIv8rIb5jviNgy34yZNOkSLFy8OaR0cx3Ecx3Ecx3EcF8Xjho9dpEOPHCHT/QbH+TuuevXKjvIvE94HHMdxHMdxHMdxHBed40qWf7b2ObHlX1ivi4ms/sy/yZN7atGiRbYXAAAAImzZsmUaN66bgtyTEO9Uq1ZJW7ZsMR0PAACAw1dffaXddqsim3uYSH3mX9hPwCm4QUyefAjlHwAASArln91UrVpR33zzjel4AAAAHDZv3qwaNSrL5h6G8s+X4AYxZUpPLVy40PYCAABAhF122WUaP57yz1Yo/wAAgF+Uf/Fldfl31lk9NX/+fNsLAAAAEbZ06VKdemp3hV2K5UqqVNlV3377rel4AAAAHL7++mtVr15JNvcwlH++BDeIs88+VBdddJHtBQAAgAgrLCzUxIk9FHYpliuh/AMAAH5tL/84889LVpd/06b10ty5c20vAAAARNiSJUt0xhmHKOxSLFdSqdIu+v77703HAwAA4PDNN9+oatWKsrmHofzzJbhBzJhxmObMmWN7AQAAIMIWLVqkyZN7KuxSLFey664768cffzQdDwAAgMN3332nypV3lc09DOWfL8ENYubM3po9e7btBQAAgAhbsGCBzjyT8s9WKlQor61bt5qOBwAAwOGHH35QxYoVZHMPQ/nnS3CDmDWrt8477zzbCwAAABE2f/58nXUW5Z+tlC+/k3755RfT8QAAADj89NNP2mWXnWVzD0P550twgzjvvN6aNWuW5ecPAACi7KKLLtLZZx+qsEuxXMlOO+2oX3/91XQ8AAAADj///LN23rmcbO5hKP98CW4Q559/uM4991zbCwAAABE2d+5cTZvWS2GXYrmSsmXL6PfffzcdDwAAgMO2bdtUrtxOsrmHofzzJbhBXHBBH02fPs32AgAAQITNmTNHM2YcprBLsVzJDjvsoD///NN0PAAAAA6//fabdtyxrGzuYSj/fAluEBde2FfnnHO27QUAAIAImz17tmbO7K2wS7FcyJ9/XqwddtjBeDYAAABu/vjjD5UpU0Y29zGUf74EN4h58/pp6tQzbS8AAABE2KxZszRrFuWfjfz++xKVLVvGeDYAAABe8vLyZHMfQ/nnS3CDWLCgv848c7LtBQAAgAibOXOmZs8+XGEXY7mQX39drJ122tF4NgAAAF7KlCmjP/64WLb2MZR/vgQ3iEWLjtTkyafbXgAAAIiwGTOma86cIxR2MZYL+eWXRSpfvpzxbAAAALzsuGNZ/fbbEtnax1D++RLcIJYsGaAzzjjN9gIAAECETZt2jubO7aOwi7FcyNatC1WhQnnj2QAAAHgpV24nbdu2WLb2MZR/vgQ3iMLCgZo4cYLtBQAAgAg7++ypuuiivgq7GMuF/PjjAu26awXj2QAAAHjZeedy+vnnhbK1j6H88yW4QSxdOkinnjrO9gIAAECEnXXWFM2f309hF2O5kO+/n69KlXYxng0AAICXXXbZWT/9tEC29jGUf74EN4jLLhus8ePH2l4AAACIsClTJmnhwv4KuxjLhXz77TxVqVLReDYAAABeKlbcRT/8MF+29jGUf74EN4jLLx+iU04ZY3sBAAAgwiZNmqjFiwco7GIsF7Jly4WqVq2y8WwAAAC8VK68q777bp5s7WMo/3wJbhBXXjlUY8eOtr0AAAAQYaeffqouvnigwi7GciGbN89VjRpVjGcDAADgpWrVSvrmm4tkax9D+edLcIO4+uqjNWbMCbYXAAAAIuy008brkksGKexiLBfy5ZcXqGbNasazAQAA8FK9ehV9/fWFsrWPofzzJbhBXHvtMI0ePcL2AgAAQIRNmHCyLr30KIVdjOVCPv98jmrXrmE8GwAAAC+77VZVX301V7b2MZR/vgQ3iOuvP0Ynnni87QUAAIAIGzeuQMuWDVbYxVguZNOm81W3bk3j2QAAAHipVau6vvjiAtnax1D++RLcIG688ViNHHms7QUAAIAIO/nkk3TFFUMUdjGWC/n44/PUoEFt49kAAAB4qVu3pjZtOl+29jGUf74EN4ibbz5Ow4cPs70AAAAQYQUFo3TVVUMVdjGWC/noo1naffe6xrMBAADwUr9+LX3yyWzZ2sdQ/vkS3CBuvXW4jjtuiO0FAACACDvppJG65pphCrsYy4Vs2DBTjRvXN54NAACAl4YN62jjxvNkax9D+edLcIO4/fYROuaYo2wvAAAARNioUcN13XXHKOxiLBeyfv25atq0ofFsAAAAvDRqVE8ffjhTtvYxlH++BDeIO+8cqaOPHmh7AQAAIMJOOOE43XDDsQq7GMuFFBfP0B577G48GwAAAC9NmjTQBx+cK1v7GMo/X4IbxIoVJ2jIkCNtLwAAAETYiBHDdNNNxynsYiwX8u6707Xnno2NZwMAAOClWbPd9f77M2RrH0P550twg7j77hN11FF9bS8AAABE2PHHD9UttxyvsIuxXMjbb5+jFi2aGs8GAADAS/PmjfTee9Nlax9D+edLcINYuXKUBg7sY3sBAAAgwo49drBuu224wi7GciFvvnm29t57D+PZAAAAeNlrryZ6551psrWPofzzJbhB3HvvaB15ZG/bCwAAABE2bNgg3XHHCIVdjOVCXn99qvbdd0/j2QAAAHhp2bKZ3nrrHNnax1D++RLcIO6/f4z69etlewEAACDChg4doOXLRyrsYiwX8n//d5ZatWphOhoAAABP++zTXG+8cbZs7WMo/3wJbhAPPligPn162l4AAACIsMGD++uuu05U2MVYLuTVV89U69YtjWcDAADgZb/99tJrr02VrX0M5Z8vwQ2iqGisDj+8h+0FAACACBs0qK/uuWeUwi7GciEvvzxFbdvuYzwbAAAAL/vv31Lr1p0pW/sYyj9fghvEI4+crMMO62Z7AQAAIMIGDDhcq1aNVtjFWC7kpZcm64AD9jOeDQAAgJc2bfbWK69Mka19DOWfL8EN4rHHTtGhhx5kewEAACDC+vc/TPfdd5LCLsZyIS++OEkdOuxvPBsAAAAv7drtq7VrJ8vWPobyz5fgBvGf/4zTIYccaHsBAAAgwvr2PVQPPDBGYRdjuZDnnz9dnTq1MZ4NAACAl/btW2nNmkmytY+h/PMluEE8+eR4de+eb3sBAAAgwo444hA99FCBwi7GciGrV09Ufn4749kAAAB46dixtV544QzZ2sdQ/vkS3CD+978JOvjgTrYXAAAAIqx37+56+OGxCrsYy4U888xpOvDA9sazAQAA8NK5c1s999zpsrWPofzzJbhBPP30aeratYPtBQAAgAjr1etgPfroyQq7GMuFPPXUqTrooI7GswEAAPDSpcsBevbZibK1j6H88yW4QTz77ER16XKA7QUAAIAI69mzqx5/fJzCLsZyIf/97wR169bZeDYAAABeunbtoKefPk229jGUf74EN4jnnjtdnTu3tb0AAAAQYT16dNETT4xX2MVYLuSJJ8arR48uxrMBAADwcvDBnfS//02QrX0M5Z8vwQ3ihRfOUMeOrW0vAAAARFi3bp313//a2zjmch5/fJx69uxqPBsAAAAv3bvn68kn7f0/cCn/fAluEGvWTFL79q1sLwAAAETYQQd11FNPnaqwi7FcyKOPnqxevQ42HQ0AAICnQw45UP/5j72PbqH88yW4QaxdO1nt2u1rewEAACDCDjywvZ55xt7nxeRyHn54rHr37m48GwAAAC+HHnqQHnvsFNnax1D++RLcIF5+eYratt3H9gIAAECE2b5TXC7noYcKdMQRhxjPBgAAwMthh3XTI4+cLFv7GMo/X4IbxKuvnqnWrVvaXgAAAIiwzp3b6rnnTlfYxVgu5IEHxqhv30ONZwMAAODl8MN7qKhorGztYyj/fAluEP/3f2epVasWthcAAAAirGPH1nrhhTMUdjGWC7nvvpPUv/9hxrMBAADw0qdPTz34YIFs7WMo/3wJbhCvvz5V++67p+0FAACACGvfvpXWrJmksIuxXMiqVaM1YMDhxrMBAADw0q9fL91//xjZ2sdQ/vkS3CDefPNs7b33HrYXAAAAIqxdu321du1khV2M5ULuuWeUBg3qazwbAAAAL0ce2Vv33jtatvYxlH++BDeIt98+Ry1aNLW9AAAAEGFt2uytV16ZorCLsVzIXXedqMGD+xvPBgAAwMvAgX20cuUo2drHUP75Etwg3n13uvbcs7HtBQAAgAjbf/+WWrfuTIVdjOVCli8fqaFDBxjPBgAAwMtRR/XV3XefKFv7GMo/X4IbRHHxDO2xx+62FwAAACJsv/320muvTVXYxVgu5I47RmjYsEHGswEAAPAyZMiRWrHiBNnax1D++RLcINavP1dNmza0vQAAABBh++zTXG+8cbbCLsZyIbfdNlzHHjvYeDYAAABejj56oO68c6Rs7WMo/3wJbhAbNsxU48b1bS8AAABEWMuWzfTWW+co7GIsF3LLLcfr+OOHGs8GAADAyzHHHKXbbx8hW/sYyj9fghvERx/N0u6717W9AAAAEGF77dVE77wzTWEXY7mQm246TiNGDDOeDQAAgJfjjhuiW28dLlv7GMo/X4IbxMcfn6cGDWrbXgAAAIiw5s0b6b33pivsYiwXcsMNx+qEE44zng0AAICX4cOH6eabj5OtfQzlny/BDeLTT2erXr1athcAAAAirFmz3fX++zMUdjGWC7nuumM0atRw49kAAAB4GTnyWN1447GytY+h/PMluEF89tn5qlNnN9sLAAAAEdakSQN98MG5CrsYy4Vcc80wnXTSSNPRAAAAeDrxxON1/fXHyNY+hvLPl+AG8cUXF6hWreq2FwAAACKsUaN6+vDDmQq7GMuFXHXVUBUUjDKeDQAAgJfRo0fo2muHydY+hvLPl+AG8dVXc7XbblVtLwAAAERYw4Z1tHHjeQq7GMuFXHHFEJ188knGswEAAPAyZswJuvrqo2VrH0P550twg/j66wtVvXoV2wsAAAARVr9+LX3yyWyFXYzlQpYtG6xx4wqMZwMAAOBl7NjRuvLKobK1j6H88yW4QXzzzUWqWrWS7QUAAIAIq1u3pjZtOl9hF2O5kEsvPUoTJpxsPBsAAAAvp5wyRpdfPkS29jGUf74EN4jvvpunypV3tb0AAAAQYbVr19Dnn89R2MVYLuSSSwbptNPGG88GAADAy/jxY3XZZYNlax9D+edLcIP44Yf5qlhxF9sLAAAAEVazZjV9+eUFCrsYy4VcfPFAnX76qcazAQAA8HLqqeO0dOkg2drHUP75EtwgfvppgXbZZWfbCwAAABFWo0YVbd48V2EXY7mQxYsHaNKkicazAQAA8DJx4gQVFg6UrX0M5Z8vwQ3i558Xauedy9leAAAAiLBq1Spry5YLFXYxlgtZuLC/pkyZZDwbAAAAL2eccZqWLBkgW/sYyj9fghvEtm2LVa7cTrYXAAAAIqxKlYr69tt5CrsYy4XMn99PZ501xXg2AAAAXiZPPl2LFh0pW/sYyj9fghvEb78t0Y47lrW9AAAAEGGVKu2i77+fr7CLsVzIRRf11dlnTzWeDQAAgJczz5ysBQv6y9Y+hvLPl+AG8ccfF6tMmTK2FwAAACJs110r6McfFyjsYiwXMnduH02bdo7xbAAAALxMnXqm5s3rJ1v7GMo/X4IdRl5eBi4RAABkrAoVymvr1oUKuxjLhcyZc4RmzJhuPBsAAAAv55xzti68sK9s7WMo/3wJdhhlypTRH3/8YXkNAAAgqsqXL6dfflmksIuxXMjs2Ydr5syZxrMBMtWWLVsilU8//VTr168nacymTZtCn3OyAaJu+vRpuuCCPrK1j6H88yXYYey0044aM2aUCgpGJ50pU87Q1KlTNHXq1KQybdo0zZs3L6Vccskluuqqq1LKnXfeqRUrViSdlStX6vHHH08pq1ev1tq1a1PK+++/n9Iv0o0bN6b8C23btm2W388AomDbtm0p/1zZuHFjSj/L3n///ZR/fq5evTrln9urVq1K6XfF8uXLU/79tHTp0pR/L06fPj3p38NTp07RmWdOSul3f0HBaJUtW0a//rpYYRdjuZBZs3qrZ8+eKb8/5s2bpzlz5qTwHjnrrz3e9kyYcEoS75FRKig4wZGhQwdqyJABCdLfMwMHHqGePQ+Kk67q2fPAuMnPb6d27fZzyb7G2WOPRmratGGJNEgqjRrVU7VqlX1l553LKS8vL1KpVq1SpKHnVNMAACAASURBVFKvXg01bVqHpDF161YPfc7JJux/R8lm553L+f5506hRvaR/zpX8GbnHHo2S+hnr9jM6P79dwp/v238HeP+OGDjwiLi/YxL9fho6dKDr77btv/PMfj9OmHBKqd+t23/XJvf7ec6cOb72BD169ND55x9ubR9D+edLsMN4/PFxuuqqoSll4cL+mjevX9KZO7ePpk49pEQO1dSpvYxy2mndVVBwYEy6qqCgW8IcfXQHDRnS3iMdNGRIR9cMHNhePXvumyD7qWfPVo7k57dQu3bNDLNHqTRrVjeFX6R11bBhzZR/oZUrt1Pov6SSSaVKu/j+hWYzjRun8suTmKRxY/9/TNlMpUq7hP7vJ5mUK7dTyj9XGjSoqaZNU/l5Vsfxc9H052nnznu5/kze/rM6/s/zAQMO8Px9sP13hfvvkaFDOxj9Ltr+O6v077FTT+1u/Htw++/Mf3+HXnBBn5R+Fy9Y0D/l3/+PPHJy4PsR4p4XX5yUxHvDLYdoxoxeKb1HSubSS49K+f3yd5YvH6kVK05IOStXjtLjj4/zldWrJ2rt2sm+Ulw8Q+vXn5tyPvxwprZsudBXuOyeEGKSrVsX+v558+GHM339zCsunuH75+6zz070/fN/5cpRvn4HLV8+0vfvwaVLB/n+fTxjRq+/9oCp7w1eemmytfcg5Z8v4f8QISRT8v33833/QrOZDRv8/fIk3tmwwf8fUzbDnVIJIYQQQggh2RzKP1/CHyAhhBBCCCGEEEIIIV6h/PMl/AESQgghhBBCCCGEEOIVyj9fwh8gIYQQQgghhBBCCCFeofzzJfwBEkIIIYQQQgghhBDiFco/X8IfICGEEEIIIYQQQgghXqH88yX8ARJCCCGEEEIIIYQQ4hXKP1/CHyAhhBBCCCGEEEIIIV6h/PMl/AESQgghhBBCCCGEEOIVyj9fwh8gIYQQQgghhBBCCCFeofzzJfwBEkIIIYQQQgghhBDiFco/X8IfICGEEEIIIYQQQgghXqH88yX8ARJCCCGEEEIIIYQQ4hXKP1/CHyAhhBBCCCGEEEIIIV6h/PMl/AESQgghhBBCCCGEEOIVyj9fwh8gIYQQQgghhBBCCCFeofzzJfwBEkIIIYQQQgghhBDiFco/X8IfICGEEEIIIYQQQgghXqH88yX8ARJCCCGEEEIIIYQQ4hXKP1/CHyAhhBBCCCGEEEIIIV6h/PMl/AESQgghhBBCCCGEEOIVyj9fwh8gIYQQQgghhBBCCCFeofzzJfwBEkIIIYQQQgghhBDiFco/X8IfICGEEEIIIYQQQgghXqH88yX8ARJCCCGEEEIIIYQQ4hXKP1/CHyAhhBBCCCGEEEIIIV6h/PMl/AESQgghhBBCCCGEEOIVyj9fwh8gIYQQQgghhBBCCCFeofzzJfwBEkIIIYQQQgghhBDiFco/X4Idxpo1kzRvXj9CCCGEEEIIIYQQksVZv/7cwHslyr+0CHYYw4Z1VP/+fTV16hRCCCGEEEIIIYQQkoXp1KmD5s7tE3ivRPmXFkGXf510xx13WF4DAAAAAAAAbJk0aaIWLTpSlH9OlH8AAAAAAACItPHjx+qyywaL8s+J8g8AAAAAAACRNnr0CF1zzTBR/jlR/gEAAAAAACDSjj/+aN1883Gi/HOi/AMAAAAAAECkDRlypFasOEGUf06UfwAAAAAAAIi0fv166b77ThLlnxPlHwAAAAAAACKtV6+D9cgjJ4vyz4nyDwAAAAAAAJF28MGd9L//TRDlnxPlHwAAAAAAACKtY8fWev7500X550T5BwAAAAAAgEhr3XpvvfLKFFH+OVH+AQAAAAAAINJatmymt946R5R/TpR/AAAAAAAAiLQmTRpo/fpzRfnnRPkHAAAAAACASKtXr5Y++WS2KP+cKP8AAAAAAAAQaTVqVNHmzXNF+edE+QcAAAAAAIBI23XXCvrhh/mi/HOi/AMAAAAAAECk7bhjWf3662JR/jlR/gEAAAAAACCyfv/9d5UtW0a2ij/KP98o/wAAAAAAAGDmp59+UoUK5UX5547yDwAAAAAAAJG1ZcsWVatWSZR/7ij/AAAAAAAAEFmbNm1SnTrVRfnnjvIPAAAAAAAAkbVhwwY1alRLlH/uKP8AAAAAAAAQWe+884722quBKP/cUf4BAAAAAAAgstatW6dWrRqL8s8d5R8AAAAAAAAi68UXX1T79s1F+eeO8g8AAAAAAACR9cwzz6hLlxai/HNH+QcAAAAAAIDIevLJJ9Wt2z6i/HNH+QcAAAAAAIDIevTRR9WrVytR/rmj/AMAAAAAAEBkPfjgg+rTp40o/9xR/gEAAAAAACCyVq1apQED2onyzx3lHwAAAAAAACJrxYoVGjKkgyj/3FH+AQAAAAAAILJuvfVWHXtsJ1H+uaP8AwAAAAAAQGTdcMMNGjkyX5R/7ij/AAAAAAAAEFlXX321xozpKso/d5R/AAAAAAAAiKxly5Zp3LhuovxzR/kHAAAAAACAyCosLNTEiT1E+eeO8g8AAAAAAACRtXDhQk2Z0lOUf+4o/wAAAAAAABBZF154oc45p5co/9xR/gEAAAAAACCyzjvvPM2ceZgo/9xR/gEAAAAAACCypk+fpjlzjhDlnzvKPwAAAAAAAETWWWdN0bx5/UT5547yDwAAAAAAAJF1xhmnacmSAaL8c0f5BwAAAAAAgMiaMOEUXXrpUaL8c0f5BwAAAAAAgMgaO3a0rrxyqCj/3FH+AQAAAAAAILJGjRqu6647RpR/7jKu/Pvzz4tF+QcAAAAAAAATw4cP0803HyfKP3cZV/798QflHwAAAAAAAMwcffRA3XHHCFH+ucu48u/335eI8g8AAAAAAAAmBg3qq7vvPlGUf+4o/wAA6VdUoLy8PH/JL1Rx2OuAiyIVlJpVvgqtDyoTngNiFRfm828YAABY0a9fL91//xhR/rnLuPLvt98o/wAg6wRR/pVIPs1OBsmE4i0TngNiUf4BAABbevfurqKisaL8c5dx5d+vvy4W5R8AZJmAy7/tKVBR2OuCMqN4y4TngFiUfwAAwJaePbvqscdOEeWfu4wr/7Zto/wDgKyTlvKPkiczZELxlgnPAbEo/wAAgC3du+friSfGi/LPXcaVf7/8skiUfwCQZRzlX5Jn7RUXKp8CEIgUyj8AAGDLQQd11FNPnSrKP3cZV/79/PNCUf4BQJbxW/79zasEpFQAMg7lHwAAsKVLlwP07LMTRfnnLuPKv61bKf8AIOsEVf5tf7CYSzy5CQiQiSj/AACALZ06tdHzz58uyj93GVf+/fTTAlH+AUCWCbT8k8cZgNwABMgklH8AAMCW9u1bac2aSaL8c0f5BwBIv6DLP7kUC3l5KkjhQYsKvG8o4v9swmIV5se5YUlAZUi8NaTympRaQU4UOPHnlI6zSt3ev3l5ecrzO7C/pPd9bYb3ToCvtedNk4L+zFP7/xYAAAhC27b76OWXp4jyz13GlX8//kj5BwBZJw3ln+vlv8bFSYJSznch435pcrwk/S3i3gQl2T/aY57vX0/GrFQ0uNNuwHd7dr5Wqd7tN8k5JTGk0q/dv+93z9IvNikVZel+Xyf5bCyVf7Hv02SW5XiOxl+cvvdO3Ofnmb/e87E/FzJsPQAApMv++7fUunVnivLPXcaVfz/8MF+UfwCQZdJS/rmVUwaPm2RplvRzTvnxzc+qMS8ETAslZ/kX/3uULNeiWf6l/BoaFotu5V+8MtXXe277gtL7vk5BtpZ/6X7veK3L6N9GYfLln631AACQTvvs01yvvz5VlH/uMq78+/57yj8AyDppKv+cj5vgj1HfJVSi5538GX+Ji63SUv9DPV4ZEPO88/PjF0mlSpzolX++X0OD0iO2/CtM9XuaNFlpf1+nJhvLPxvvHbc1Bfvv3f56AABItxYtmurtt88R5Z+7jCv/vv12nij/ACDLpKv8cznbyftvXa9izuOPV68zqeL8Me36h7Tp2XYmf6x7nt3l9np6XwKauDzzej7bH7P0GYq2yz+3eSVR/iX52Wne5Uj893D88sbta71mkGrhHNz7OlVZV/5Zeu94fh+X55awvMuE9QAAYEHz5o303nvTRfnnLuPKv2++uUiUfwCQZdJV/rkUH16XzrqVMUYlgcsfyO5f5yzbTC7jTebS5ZTW4PYHvuOLUigiPb82qDOB3MtL96dk+hzcHzPxnJL/Oq/yL9H3SnbG6X9fpy67yj9b7x234xP9m4rzWY+hrwcAADuaNm2o9evPFeWfu4wr/77++kJR/gFAlgm7/EvqDEGD5+9aYqRYgv3z3BK8Ji5rMP2DO3HB6Fb+mc4oPeWfW6nlvV7D5+BSeJmXFm6lR3JFrdn3Mi+07byvU5dV5Z+t906yH2Xw7xcmV+Bb/LcAAIANjRrV04cfzhTln7uMK/82b54ryj8AyDJpK/9c/gg1uTQu+Vvrxnwfk0tPgz2TyleRkrBg9HPn5ODLv+SLM7Pn4HjcZMuoJMq2lG5G4/W1Ht/Ezvs6ddlU/tl675jO3uNJGpd/Nv8tAABgQ4MGtfXxx+eJ8s9dxpV/X31F+QcAWSfU8s95TCp/pMaWBM4yKr2Xw8X+sR7sZXZJnG2W8Gv9FUiunyuW+Npmg+cQTDlrWs74KXHMCilb7+vUZU/5Z+u94/ffkmmJb/ffAgAANtStW1ObNp0vyj93GVf+ffHFBaL8A4AsE2r5F/uHborfO3YNqXz4fsrlRzBFjzc/ZUBw5V9qxZ/hc3CcqRTQ+8Bjpn7K2tQKqfS9r1OVNeWfrfdOAN/HqJCz/G8BAAAbatWqHnifRPmXRp9/PkeUfwCQZcL8zD/PO+T6jNHn/sVPGAWb2eOH8NzcLlk0LhNSuONwqkWFYXGS9vLP6vs6NVlT/tl67wTwfTJqPQAAWFS9epXA7yFB+ZdGQZ+mSfkHABkgZ8q/VL9fgsIs7X9k+ynwAij/fBV/hs8h5PIv/WejUf5lXfmX2rW4mbMeAAAsqlKlor79dp4o/9xlXPn36aezRfkHAFkmXeWfyYfOp6skSbAGt5tWBFcoZlH55zqfZNdnsfwzvNw2suVfgO8tyj/HA8V97/i/gYvLcw1xPQAA2FSx4i764Yf5ovxzl3HlX9B3Z6H8A4AMkKbyz/kZcSaf9RZQTP9gdjurLdnHzdbyz3U2qVw2zJl/1t/Xqawj18u/BO+dyJV/nPkHAMggFSqU19atC0X55y7jyr+NGyn/ACDrpKn8c5xdF0pxlgyzzwR0fj6c7c/8s1H+ub0Wqa6L8i8TixfKP8c34zP/AABIk3LldtK2bYtF+ecu48q/Dz+cKco/AMgyaSn/XMojo7uiBl2c+eB19pbjj3E/N+QwYbv8cy9BU19T5t/tN/BCKpPf138Jq/xL/81VuNuv0XoAALCobNky+v33JaL8c5dx5d+GDZR/AJB10lD+GV3yu/1IFeanszjzz7kW5+vjp+Ao9T0CL5KS/VrnPPzPxOQ5BFOgGpUrLscFX/5F8H2dgeWf2TxtvXf8Frou/7ZCXQ8AAPbssMMO+vPPi0X55y7jyr8PPjhXlH8AkGWCLv/czpiLUywYXR6c8FvmG31t/JLN84sSnonjr0hJVArYKv/ci79ki8xUn4Pv94HJDWY8vlfw5Z/d93Uqwir/zP/tmZ49bO+946tQc/t80ZDXAwCADb///rvKli0jm8Uf5Z9P778/Q5R/AJBlAi3/UjhzzOUP1aQKJ7eyMeYbmpy958nk8jk/a3ApBUo/fTvln+sdkANpDAyfg8vrYP4+cHvfec/YRvln433tR2jln+H3cf6bjbN+W+8dx/cx/bfo/nMx9PUAAGDBtm3bVK7cTqL885Zx5V9xMeUfAGSdoMo/r8/IS1hY+DnjzPDGFEmejRj3uZmerWNSKrm+ZrGvf/rLv/QVf8k8/1TfB0kWK7JU/tl4X/tgq/xLpchyLf7S8lon+95xOz61S+kzYz0AAKTfL7/8ovLlKf/iybjy7913p4vyDwCyjN/yz+1ytmQfy6s49Cxmkv+D2rXgilf8uK4rzh/6nmswu+Os9x/46S3/kjrDKiVJPH/P95L713iWRAned3bKP1l5X6fKWvlnfOOcOMeavAaW3jue38fkzr2ZuB4AANLs559/1s47lxPln7eMK//eeWeaKP8AIMsk+gM15SR5plIgzyPOH7qJigWTJCpg/K7B9g0/0jH7hHdDjv/8vUuM4N531sq/7d8sve/rFPl/nZ3xOjPNq+hOlIKimPdOgtfaxnvHz3ocyZD1AACQTlu3blWFCuX/n737DI+qTBs4zoKUkB4IJFQBUcSKiGLovVdp4oIIGhGR3nuvAgGxorIWpHcIVVDAsivruq7uuiq7rGIBFGGxrL6y9/vBBTI5Zc6cmTnPMyf/33XdX+bEmTuZSCb/zMwR4p817eLfX/86Xoh/AOAzUYl/LmNFWLs4uM1wrt9pIXJ7G5bPvCpY8U8knOjhLt5ENf79eoPe/78U6ucRgbF+WarZy5idXFdo8S+8zyu0UBZ6AMyWHBffO159PgAARMv3338vJUuWEOKfNe3i3wcfjBPiHwD4TIQDUPivTnQbCnS5/tBvw/76C178E5HQn6kZwjee5/Hv11v14PsujM8jAmO/r81Lmi3/DQk9/v3vk4va946rr+H//p9w/b3j0ecDAEA0fPfddxIfT/yzo138+8tfxgrxDwB8JgIBKFq/a9o/uyb8Z7ZE+/qDBQ9nX7cCGv8uicTXMN9XRUn8s779yH/fBed9/LvM+ftvuox/lz/LiH/vmN6K1dcy3/8L+T8u9LjrzecDAEAknT9/XhIS4oT4Z027+Pfee8Q/AAAAIFT5o2c0n9kJAIAu/v3vf0tiYkkh/lnTLv69++5oIf4BAACgoLkY79xFO+Oz9nimHgCgIDh37pwkJcUL8c+advHvT38i/gEAAKDgCesl34aX2EfnRC4AAOjm7NmzkpxM/LOjXfx7551RQvwDAABAgWMIeGGcvIan/QEACohvv/1WUlIShPhnTbv4d/ToSCH+AQAAoOCxOGOzTchzfnITAAD86cyZM5KamijEP2vaxb+33yb+AQAAoGCKxFmSOdEHAKAg+eabbyQtjfhnR7v49/vfjxDiHwAAAAoqq2fzORqe8gcAKGC+/vprKVUqSYh/1rSLf2+9NVyIfwAAACjQDO//F2wcvj8gAAA+c/r0aSldOlmIf9a0i39vvDFMiH8AAACAiOX7AF6crByh+QEACrJTp05JenqKEP+saRf/Xn99qBD/AAAAAAAAEMzJkyelTBninx3t4t/hw0OE+AcAAAAAAIBgvvrqKylbNlWIf9a0i3+HDhH/AAAAAAAAENyXX34pGRlpQvyzpl38e+21h4X4BwAAAAAAgGC++OILycwk/tnRLv4dPDhYiH8AAAAAAAAI5vPPP5dy5UoJ8c+advHvwIGHhPgHAAAAAACAYE6cOCHly5cW4p817eLf/v2DhPgHAAAAAACAYD777DOpUCFdiH/WtIt/+/YR/wAAAAAAABDcp59+KhUrEv/saBf/9uwZKMQ/AAAAAAAABPOvf/1LKlUqI8Q/a9rFv927iX8AAAAAAAAI7vjx41K5clkh/lnTLv7l5j4gxD8AAAAAAAAEwzP/gtMu/u3cmS3EPwAAAAAAAATDe/4Fp1382779fiH+AQAAAAAAIBjO9hucdvFv2zbiHwAAAAAAAII7ceKElC9fWoh/1rSLf1u33ifEPwAAAAAAAATz+eefS7lypYT4Z027+Ld58wAh/gEAAAAAACCYL774QjIz04T4Z027+LdpU38h/gEAAAAAACCYL7/8UjIyiH92tIt/GzbcK8Q/AAAAAAAABPPVV19J2bKpQvyzpl38W7+e+AcAAAAAAIDgTp48KWXKpAjxz5p28W/t2nuE+AcAAAAAAIBgTp06JenpxD872sW/NWvuEeIfAAAAAAAAgjl9+rSULp0sxD9r2sW/l1/uK8Q/AAAAAAAABPP1119LqVJJQvyzpl38W7WqjxD/AAAAAAAAEMw333wjaWmJQvyzpl38e/HF3wrxDwAAAAAAAMGcOXNGUlOJf3a0i38vvHC3EP8AAAAAAAAQzLfffispKQlC/LOmXfx7/nniHwAAAAAAAII7e/asJCfHC/HPmnbxb+XK3kL8AwAAAAAAQDDnzp2TpCTinx3t4t9zz90lxD8AAAAAAAAE8+9//1sSE0sK8c+advHvmWd6CfEPAAAAAAAAwZw/f14SEuKE+GdNu/i3YgXxDwAAAAAAAMF99913Eh9fQoh/1rSLf0891UOIfwAAAAAAAAjm+++/l5IliX92tIt/Tz5J/AMAAAAAAEBwP/zwg8TFFRfinzXt4t/jj3cX4h8AAAAAAACC+fHHH6VEiWJC/LOmXfx77LFuQvwDAAAAAABAMP/5z3+kePGiQvyzpl38W76c+AcAAAAAAIDgfvrpJylWjPhnR7v4t2xZVyH+AQAAAAAAIJhffvlFihQpLMQ/a9rFv6VLiX8AAAAAAAAI7r///a8UKlRI/vvfJUL8M6dd/FuypIsQ/wAAAAAAAOBEkSKF5ZdfFgvxz5x28W/x4s5C/AMAAAAAAIATxYoVlZ9+WiTEP3Paxb9HHukkxD8AAAAAAAA4ERdXXH74YaEQ/8xpF/8WLuwoxD8AAAAAAAA4kZBQUs6fny/EP3Paxb/58zsI8Q8AAAAAAABOJCcnyNmz84T4Z067+DdvHvEPAAAAAAAAzqSlJcs338wR4p857eLfnDnthfgHAAAAAAAAJ9LTU+XkyVlC/DOnXfybPbudEP8AAAAAAADgRGZmunzxxQwh/pnTLv7NmkX8AwAAAAAAgDMVKpSVzz6bJsQ/c9rFvxkz2gjxDwAAAAAAAE5UrlxOjh+fIsQ/c9rFv+nTiX8AAAAAAABwpmrVinLs2GQh/pnTLv5NndpaiH8AAAAAAABwonr1yvLRRxOF+GdOu/g3ZQrxDwAAAAAAAM7UqFFV/va38UL8M6dd/Js8uZUQ/wAAAAAAAODEdddVl/ffHyfEP3Paxb+JE1sK8Q8AAAAAAABO3HhjDXn33dFC/DOnXfybMIH4BwAAAAAAAGduueU6+eMfRwnxz5x28W/cOOIfAAAAAAAAnKlT50b5wx9GCPHPnHbxb8yY5kL8AwAAAAAAgBN169aSN98cJsQ/c9rFv1GjiH8AAAAAAABwpl69W+XIkaFC/DOnXfwbMaKZEP8AAAAAAADgRMOGt8trrz0sxD9z2sW/YcOaCvEPAAAAAAAATjRpkiUHDjwkxD9z2sW/IUOIfwAAAAAAAHCmefMGsm/fICH+mdMu/g0e3FiIfwAAAAAAAHCidesmsmvXA0L8M6dd/Bs0iPgHAAAAAAAAZzp0aCnbtt0vxD9z2sW/gQMbCfEPAAAAAAAATnTt2l42bLhXiH/mtIt/2dkNhfgHAAAAAAAAJ3r27CKrV/cV4p857eLfffc1EOIfAAAAAAAAnOjTp5e88MLdQvwzp13869+/vhD/AAAAAAAA4ET//n3k2WfvEuKfOe3iX79+9YT4BwAAAAAAACceeGCAPPlkDyH+mdMu/vXtS/wDAAAAAACAM4MHPyiPPnqnEP/MaRf/fvvbLCH+AQAAAAAAwInhw4fI4sWdhfhnTrv4d9dddYX4BwAAAAAAACfGjBkl8+Z1EOKfOe3iX8+etwvxDwAAAAAAAE5MmjRRZs5sK8Q/c9rFv+7dbxPiHwAAAAAAAJyYPn26TJnSWoh/5rSLf3feWUeIfwAAAAAAAHBizpw5Mn58SyH+mdMu/nXpcqsQ/wAAAAAAAODEwoULZdSo5kL8M6dd/OvUqbYQ/wAAAAAAAOBETk6ODB3aVIh/5rSLfx063CLEPwAAAAAAADjx2GOPyaBBjYX4Z067+NeuXS0h/gEAAAAAAMCJp59+Wu6/v6EQ/8xpF//atLlZiH8AAAAAAABw4ne/+53cc089If6Z0y7+tWp1kxD/AAAAAAAA4MSqVaukd++6Qvwzp138a9HiRiH+AQAAAAAAwIl169ZJ9+63CfHPnHbxr1mzG4T4BwAAAAAAACc2b94snTvXFuKfOe3iX5Mm1wvxDwAAAAAAAE7s2LEj4ieQJf5FUaNGNYX4BwAAAAAAACf27NkjLVtG9m3kiH9R1KDBtUL8AwAAAAAAgBMHDhyQxo2vE+KfOe3iX716NYT4BwAAAAAAACeOHDkS8Z5E/IuiO+64Roh/AAAAAAAAcOL3v/+93HZbdSH+mdMu/t1++9VC/AMAAAAAAIATf/7zn+XGG68U4p857eJfnTqRLbXEPwAAAAAAAP/68MMP5ZprKgjxz5x28a927auE+AcAAAAAAAAnjh8/LpUrlxXinznt4l+tWlWF+AcAAAAAAAAnvvzyS8nISBPinznt4t9NN1UR4h8AAAAAAACcOHPmjKSmJgrxz5x28e+GGyL7Bo3EPwAAAAAAAP/64YcfJC6uuBD/zGkX/667rrIQ/wAAAAAAAODEhQsXpHDhwkL8M6dd/Lv22opC/AMAAAAAAIBTRYteIT//vEiIf0baxb9In5qZ+AcAAAAAAOBvCQkl5fz5+UL8M9Iu/lWvXl6IfwAAAAAAAHCqVKlk+frr2UL8M9Iu/lWrlinEPwAAAAAAADhVvnwZOXFiuhD/jLSLf1WqZAjxDwAAAAAAAE5VrVpRjh2bLMQ/I+3iX+XKZYX4BwAAAAAAAKdq1rxKPvhgnBD/jLSLfxUrpgvxDwAAAAAAAE7VqlVT3nlnlBD/jLSLf+XKlRLiHwAAAAAAAJyqW7eWvPnmMCH+GWkX/zIy0oT4BwAAAAAAAKcaN75DDh4cLMQ/I+3iX5kyKUL8AwAAAAAAgFOtWjWW3bsHCvHPSLv4V7p0shD/AAAAAAAA4FTHjq1l69b7hPhnpF38S0tLEuIfAAAAAAAAnOrRo7OsXXuPEP+M+/ykYwAAIABJREFUtIt/KSkJQvwDAAAAAACAU3369JIXXrhbiH9G2sW/pKR4If4BAAAAAADAqfvuu0dWrOglxD8j7eJfQkKcEP8AAAAAAADg1ODBA+XRR+8U4p+RdvGvZMkSQvwD4Ae//PKLnDlzhlE0p0+flmPHjjGK5qOPPpKjR48yTIGcd955R/n/gwV5/vnPfyr/GVSQ5+zZs6ofggEooEaOHC6PPNJJiH9G2sW/EiWKSWTj3+3SrFkjyc7up/V0795R+2nZsqE0b15f66lb92apXft6refaa6tK1aoVtJ5y5dIlNTVJ60lIiJNChQppPUWKFJbU1ERG0ZQunSxVq2bG+GTE7FSvXk5q176KYQrk1KpVTfn/g+GP6n//3M+VV2Yo/xlUkCc5OV75YzAnk5KSKKofzwabSpUyRfXvBcHmhhuuFtW/XwWbevVqK/89Ndi0adNE+e/7waZXry7Ku0mwufnmG2T27HYRbUrEvygpVqyoRPLOOHp0pDz1VA/tZ926ftrPnj0DZd++QVrPm28Ok6NHR2o9f/3reDl2bLLW8/nn0+XMmTlaz/nz8yP6bwXDMAzDMAxTcObbb+cqfzwbbP71r6nKfy8INu+9N1b571fB5siRocp/Tw02ubkPKP99P9isXt1XeTdxMseOTfbs3xHiXxiuuKKIqP5BwDAMwzAMwzAMwzAMwzBWQ/wLQ+HChUX1HcgwDMMwDMMwDMMwDMMwVkP8C0OhQoVE9R3IMAzDMAzDMAzDMAzDMFZD/AtD4cKF5cKFJaL6TmQYhmEYhmEYhmEYhmEYsyH+heGKK4rI//3fYlF9JzIMwzAMwzAMwzAMwzCM2RD/wlCsWFH56adFovpOZBiGYRiGYRiGYRiGYRizIf6FoUSJYvLjjwtF9Z3IMAzDMAzDMAzDMAzDMGZD/AtDyZIl5PvvF4jqO5FhGIZhGIZhGIZhGIZhzIb4F4aEhJJy/vx8UX0nMgzDMAzDMAzDMAzDMIzZEP/CkJQUL+fOzRPVdyLDMAzDMAzDMAzDMAzDmA3xLwwpKYny7bdzRfWdyDAMwzAMwzAMwzAMwzBmQ/wLQ1pasnzzzRxRfScyDMMwDMMwDMMwDMMwjNkQ/8JQunSKnD49W1TfiQzDMAzDMAzDMAzDMAxjNsS/MJQpkyYnT84S1XciwzBMsPn550Vy5swcRpM5eXKWHDs2mdFkPvxwghw9OpLxaN54Y5jcf/8dcs89tzExMP373y4PPJDFaDIPPlhfhg5txCicMWOayldfzZQzZ+Zw8kebOXt2XlQfS506Ff3HUu+9N1b5z8xw5733xkb963Tq1Kyo3tdnz3KehUgM8S8M8fFxcsstFaRu3cqKp0rA1KpVUW6+uYLHU1FuvrmS5dxwQwWpUSPTgykX0lSpki5XXqnXVKxYWjIyUsKc1IhPamqCpKTEhzgJUZ2kpJJSokQx7eY3v/mNFCpUSKspXLiwlChRnNFkSpYsISkpSYwmk5aWIhkZ6UyU5tprq0vt2jdcmpo1q0upUmkyb948hmGYmJu4uDgpXryYlChRXIoVK2p4zFWkSBEpUaKEFC9e3HRKlCghSUlJkpiYKPHx8aaTmpp6aZKSkgyTmpoqaWlplyY5OTngeFpaqpQqVSpgUlJSJDExURITEyUpKVGSk5MNk5iYeGnHuDjzKVGihKPHnnFxcZafXyQmKSlJMjIywp7MTOupVq2q1KhxjZK59toaEZlq1apKuXKZUZ2UlGRJSEiI2sTHl3T0PVeyZJwkJJQ0nfj4OImPj5O0tGQpUybNMOnpqVK69K+TmVlaKlfODJhKlTKkYsUyl6Zy5Qy5+upKeaaiVKtW7tJcfXUFueaailKr1lX/m2py442VTadOnWpy++3V5dZbq0jt2leaTt261eSOO6radqFGjarJ6NFNZezYZqaTmZkqf/rTn6JYyCJHu/iXkpIiw4cPV/4DiGEYhmEYRsdp06aNjB49OuDx07vvvis33XSTokdvAODejz/+KEWKFAn6b9+iRYvkqaeesp0VK1bIunXrgs6ePXtk3759tvPmm2/K0aNHbef999+XY8eO2c6nn34qZ86csZ1vv/1W9d0AmDp79mzQ79/PPvss6P8Hf/3rX4P+//TWW28F/f9y3759jv4ff/bZZ4P+e5GTkxP035309HQZOnSo5fG0tFTZsGGD6rvJEe3iX3Jysnz44Yeq1wAAANDS/PnzZcyYMQGXEf8AxKrvv/9eihUrpnoNADC46aab5N1337U8XrlyZdm0aZOHG7mnXfxLSkqSTz75RPUaAAAAWiL+AfCT8+fPS/HixVWvAQAGtWrVknfeecfyeKVKFWXz5s0ebuSedvEvMTFRjh8/rnoNAAAALc2bN0/Gjh0bcBnxD0CsOnfunMTFxaleAwAMbrnlFvnjH/9oebxixQqyZcsWDzdyT7v4l5CQICdOnFC9BgAAgJaIfwD85OzZs8Q/AFqqXbu2HD161PJ4hQrlZevWrR5u5J528S8+Pl6++uor1WsAAABoae7cuTJu3LiAy4h/AGLVmTNnpGTJkqrXAACDOnXqyB/+8AfL4+XKlZPt27d7uJF72sW/uLg4+frrr1WvAQAAoCXiHwA/+frrryUhIUH1GgBgcNttt8nvf/97y+OZmZnEP7eKFy8uZ8+eVb0GAACAloh/APzk1KlTkpiYqHoNADCoW7euvPnmm5bHMzLKys6dOz3cyD3t4l/RokXlu+++U70GAACAlubMmSPjx48PuIz4ByBWnTx5UpKSklSvAQAGd9xxh7zxxhuWx8uWLSO5ubkebuSedvGvSJEi8tNPP6leAwAAQEvEPwB+8uWXX0pycrLqNQDAICsrS15//XXL46VLl5bdu3d7uJF72sW/3/zmN3LhwgXVawAAAGhp9uzZMmHChIDLiH8AYtXnn38uKSkpqtcAAIP69evL4cOHLY9nZmbKRx995OFG7mkV/y5cuCC/+c1vVK8BAACgLeIfAD/57LPPJC0tTfUaAGDQoEEDOXTokOXxChUqyGeffebhRu5pFf9++uknueKKK1SvAQAAoK1Zs2bJxIkTAy4j/gGIVZ9++inxD4CWGjZsKK+++qrl8fLly8uJEyc83Mg9reLf999/L8WLF1e9BgAAgLaIfwD85Pjx41K6dGnVawCAQePGjeXgwYOWxzMzM+WLL77wbqEwaBX/zp07J3FxcarXAAAA0BbxD4Cf/OMf/5D09HTVawCAQZMmTeTAgQOWxzMyMuTLL7/0cCP3tIp/33zzjSQkJKheAwAAQFszZ86USZMmBVxG/AMQqz755BMpW7as6jUAwKBZs2ayf/9+y+NlypSRr776ysON3NMq/p08eZLTvAMAANgg/gHwk48//pj4B0BLzZs3l3379lkeT09Pl1OnTnm4kXtaxb8TJ07wZq8AAAA2ZsyYIZMnTw64jPgHIFb9/e9/l8zMTNVrAIBBixYtZO/evZbHS5UqJadPn/ZwI/e0in/Hjx+XMmXKqF4DAABAW8Q/AH7ywQcfSLly5VSvAQAGrVq1kt27d1seT0tLk2+++cbDjdzTKv598skn/MMPAABgY/r06TJlypSAy4h/AGLVe++9JxUqVFC9BgAYtG7dWnbt2mV5PDU1Vc6cOePhRu5pFf8+/PBDqVixouo1AAAAtEX8A+An77zzDr8DAtBSmzZtZOfOnZbHk5OT5ezZsx5u5J5W8e/999+XKlWqqF4DAABAW8Q/AH7y9ttvS+XKlVWvAQAG7dq1kx07dlgeT0pKknPnznm4kXtaxb93331XqlevrnoNAAAAbU2bNk2mTp0acBnxD0CsevPNN3kCCAAttW/fXrZv3255PCEhQc6fP+/hRu5pFf+OHj0qNWrUUL0GAACAtoh/APzk8OHDUq1aNdVrAIBBx44dZevWrZbH4+Pj5bvvvvNwI/e0in9vvfWWXH/99arXAAAA0NbUqVOJfwB84+DBg3LVVVepXgMADDp16iRbtmyxPB4XFyc//PCDhxu5p1X8O3LkiNx8882q1wAAANDW1KlTZdq0aQGXEf8AxKpXXnlFrr76atVrAIBB586dZfPmzZbHS5QoIT/++KOHG7mnVfx79dVX5dZbb1W9BgAAgLaIfwD8ZPfu3bz1EwAtde3aVTZu3Gh5vFixYvLTTz95uJF7WsW/ffv2Sd26dVWvAQAAoC3iHwA/2blzp9SsWVP1GgBgcOedd8qGDRssjxctWlR+/vlnDzdyT6v4t2vXLmnYsKHqNQAAALQ1ZcoUmT59esBlxD8AsWrr1q287zsALXXv3l3WrVtnebxIkSLyyy+/eLiRe1rFv+3bt0vTpk1VrwEAAKAt4h8AP9m0aZPccMMNqtcAAIMePXrI2rVrLY8XLlxYLly44OFG7mkV/zZv3iwtW7ZUvQYAAIC2Jk+eLDNmzAi4jPgHIFatW7eOf78AaKlnz56yZs0ay+OFChWS//73vx5u5J5W8W/9+vXSrl071WsAAABoi/gHwE9Wr14ttWrVUr0GABjcdddd8vLLL1seL1RIq6RmS6tNV69eLZ06dVK9BgAAgLYmTZokM2fODLiM+AcgVr300ktSu3Zt1WsAgEHv3r1l1apVpscuXLgghQsX9ngj97SKfy+++KJ069ZN9RoAAADaIv4B8JPnn39e6tSpo3oNADC4++675aWXXjI99ssvv0iRIkU83sg9reLfypUrpVevXqrXAAAA0BbxD4CfPPfcc3LbbbepXgMADPr06SMvvPCC6bGff/5ZihYt6vFG7mkV/1asWCF9+vRRvQYAAIC2Jk6cKLNmzQq4jPgHIFY9/fTTcscdd6heAwAM+vbtK88//7zpsZ9++kmKFSvm8UbuaRX/Hn/8cenfv7/qNQAAALRF/APgJ0888YTUq1dP9RoAYNCvXz9ZuXKl6bEff/xRSpQo4e1CYdAq/i1btkwGDhyoeg0AAABtTZgwQWbPnh1wGfEPQKxavny51K9fX/UaAGBw7733ynPPPWd67IcffpC4uDiPN3JPq/i3ePFiefjhh1WvAQAAoC3iHwA/Wbp0qTRs2FD1GgBg0L9/f3n22WdNj3333XcSHx/v8UbuaRX/FixYICNGjFC9BgAAgLbGjx8vc+bMCbiM+AcgVi1evFiaNGmieg0AMLjvvvtkxYoVpsfOnz8vCQkJHm/knlbxb+7cuTJmzBjVawAAAGiL+AfATxYsWCDNmjVTvQYAGNx///3y9NNPmx47d+6cJCUlebyRe1rFv5kzZ8rEiRNVrwEAAKAt4h8AP5k3b560aNFC9RoAYJCdnS1PPvmk6bGzZ89KcnKyxxu5p1X8mzZtmkydOlX1GgAAANoaN26czJ07N+Ay4h+AWDVr1ixp1aqV6jUAwGDgwIHyxBNPmB47c+aMpKameryRe1rFv8mTJ8uMGTNUrwEAAKAt4h8AP5k+fbq0adNG9RoAYPDggw/K448/bnrsm2++kbS0NI83ck+r+Gd29joAAABcNnbsWJk3b17AZcQ/ALFq6tSp0r59e9VrAIDBQw89JMuXLzc9dvr0aSlVqpTHG7mnVfwzezALAACAy4h/APxk0qRJ0qFDB9VrAIDB4MGD5dFHHzU9durUKUlPT/d4I/e0in+jR4+WBQsWqF4DAABAW2PGjJH58+cHXEb8AxCrxo8fL506dVK9BgAYPPzww7Js2TLTYydPnpQyZcp4vJF7WsW/ESNGyKJFi1SvAQAAoC3iHwA/GTNmjHTp0kX1GgBgMHToUMnJyTE99uWXX0pGRobHG7mnVfyz+8ICAACA+AfAX0aOHCndunVTvQYAGAwbNkyWLFlieuyLL76QzMxMjzdyT6v4Z/d6agAAAJi/TQrxD0CsGj58uPTo0UP1GgBgYPfq1BMnTkj58uU93sg9reKf3WmUAQAAQPwD4C9DhgyRXr16qV4DAAxGjhwpjzzyiOmxzz77TCpUqODxRu5pFf+ys7PlqaeeUr0GAACAtkaNGiULFy4MuIz4ByBWPfTQQ9K7d2/VawCAgdljrov+9a9/SaVKlTzeyD2t4t+AAQPkmWeeUb0GAACAtoh/APxk4MCB0qdPH9VrAICB2fssX3T8+HGpXLmytwuFQav4169fP1m5cqXqNQAAALRl9hIU4h+AWHX//fdL3759Va8BAAZjx46VefPmmR77xz/+IVWqVPF4I/e0in99+vSRF154QfUaAAAA2iL+AfCTAQMGyL333qt6DQAwGDdunMydO9f02LFjx6Rq1aoeb+SeVvGvd+/esmrVKtVrAAAAaIv4B8BP+vXrJwMGDFC9BgAYTJgwQWbPnm167OOPP5arrrrK443c0yr+9ezZU9asWaN6DQAAAG2NGDFCFi1aFHAZ8Q9ArOrbt69kZ2erXgMADCZOnCizZs0yPfbRRx9J9erVPd7IPa3iX7du3WT9+vWq1wAAANAW8Q+An9x9990ycOBA1WsAgMHkyZNlxowZpsc+/PBDueaaazzeyD2t4l+XLl1k06ZNqtcAAADQ1vDhw2Xx4sUBlxH/AMSqu+66SwYNGqR6DQAwmDJlikyfPt302N/+9jepUaOGxxu5p1X869Spk2zZskX1GgAAANoi/gHwkx49esjgwYNVrwEABlOnTpVp06aZHvvggw/k2muv9Xgj97SKf+3bt5ft27erXgMAAEBbw4YNkyVLlgRcRvwDEKu6desmQ4YMUb0GABhMmzZNpk6danrs/fffl+uuu87bhcKgVfxr06aN5Obmql4DAABAW8Q/AH7StWtXGT58uOo1AMBgxowZMnnyZNNjf/nLX+T666/3eCP3tIp/LVu2lD179qheAwAAQFvEPwB+0rlzZxkxYoTqNQDAYObMmTJp0iTTY3/+85/lxhtv9Hgj97SKf82aNZP9+/erXgMAAEBbQ4cOlZycnIDLiH8AYlWHDh1k9OjRqtcAAINZs2bJxIkTTY/F2mMvreJf48aN5eDBg6rXAAAA0BbxD4CftGvXTsaOHat6DQAwmDNnjowfP9702DvvvCO1atXyeCP3tIp/DRo0kEOHDqleAwAAQFtDhgyRpUuXBlxG/AMQq1q3bi0TJkxQvQYAGMydO1fGjRtneuyPf/yj3HLLLR5v5J5W8S8rK0tef/111WsAAABoi/gHwE9atmxp+bI6AFBp/vz5MmbMGNNjb7/9ttx6660eb+SeVvHv9ttvl7feekv1GgAAANp6+OGHZdmyZQGXEf8AxKrmzZvLlClTVK8BAAYLFiywfE/SP/zhD1KnTh2PN3JPq/h36623yttvv616DQAAAG0R/wD4SdOmTWXq1Kmq1wAAg4ULF8qoUaNMj7311lty++23e7yRe1rFv1q1ask777yjeg0AAABtEf8A+Enjxo1l+vTpqtcAAINFixbJiBEjTI+9+eabUrduXY83ck+r+HfjjTfKn//8Z9VrAAAAaGvw4MHy6KOPBlxG/AMQqxo2bCgzZ85UvQYAGCxevFiGDx9ueuz111+XrKwsjzdyT6v4d91118n777+veg0AAABtEf8A+EmDBg1k1qxZqtcAAIOcnBwZOnSo6bEjR45IvXr1PN7IPa3iX40aNeRvf/ub6jUAAAC09dBDD8ny5csDLiP+AYhV9erVkzlz5qheAwAMli5dKkOGDDE9dujQIWnQoIHHG7mnVfy7+uqr5e9//7vqNQAAALRF/APgJ3Xr1pV58+apXgMADJYtWyYPP/yw6bHXXntNGjZs6PFG7mkV/6pVqyaffPKJ6jUAAAC0NWjQIHnssccCLiP+AYhVt99+uyxYsED1GgBgsHz5cnnooYdMjx08eFAaNWrk7UJh0Cr+XXnllfLPf/5T9RoAAADaIv4B8JM6derIwoULVa8BAAaPPfaYDBo0yPTYgQMHpEmTJh5v5J5W8a9ixYry6aefql4DAABAW8Q/AH5Su3ZtWbRokeo1AMDg8ccflwcffND02CuvvCJNmzb1eCP3tIp/5cqVk88//1z1GgAAANp68MEH5fHHHw+4jPgHIFbVqlVLlixZonoNADB48skn5YEHHjA9tm/fPmnevLnHG7mnVfwrW7asfPXVV6rXAAAA0BbxD4Cf3HTTTbJ06VLVawCAwVNPPSXZ2dmmx/bu3SstWrTweCP3tIp/pUuXltOnT6teAwAAQFsDBw6UJ554IuAy4h+AWHXjjTfKsmXLVK8BAAYrVqyQ++67z/TY7t27pVWrVh5v5J5W8S81NVXOnDmjeg0AAABtEf8A+Mn1118vy5cvV70GABg888wzMmDAANNju3btktatW3u8kXtaxb/k5GQ5e/as6jUAAAC0RfwD4Cc1a9Y0vJUBAOjg2Weflf79+5se27lzp7Rt29bjjdzTKv4lJCTI+fPnVa8BAACgrQceeECefPLJgMuIfwBiVc2aNQ1/0AAAHTz33HNy7733mh7bsWOHtGvXzuON3NMq/sXHx8t3332neg0AAABtEf8A+Mm1115r+DcNAHSwcuVK6devn+mxbdu2SYcOHTzeyD2t4l9cXJz88MMPqtcAAADQVnZ2tjz11FMBlxH/AMSqGjVqEP8AaMku/m3dulU6duzo8UbuaRX/ihcvLv/5z39UrwEAAKAt4h8AP6lRo4bh3zQA0IFd/Nu8ebN07tzZ443c0yr+FS1aVH7++WfVawAAAGjr/vvvl6effjrgMuIfgFhF/AOgq9/97ndyzz33mB7btGmTdOnSxduFwqBV/Lviiivk//7v/1SvAQAAoC3iHwA/ueaaawz/pgGADuzi34YNG+TOO+/0dqEwaBX/ChcuLBcuXFC9BgAAgLaIfwD85Oqrr5YVK1aoXgMADJ5//nnp27ev6bH169dLt27dPN7IPa3iX6FCWq0DAACgnfvuu8/wizLxD0CsIv4B0JVd/Fu3bp10797d443c06q2FS5cWPUKAAAAWiP+AfCT6tWryzPPPKN6DQAweOGFF6RPnz6mx9asWSM9e/b0eCP3tIp/RYoUUb0CAACA1gYMGGD4RZn4ByBWEf8A6Mou/q1evVp69erl8UbuaRX/ihYtqnoFAAAArRH/APjJVVddJc8++6zqNQDA4MUXX5Tf/va3psdWrVolvXv39ngj97SKf8WLF1e9AgAAgNb69+9v+EWZ+AcgVlWrVk2ee+451WsAgIFd/HvppZfk7rvv9ngj97SKf3FxcapXAAAA0BrxD4CfEP8A6Mou8Nm9JFhHWsW/kiVLql4BAABAa8Q/AH5SrVo1Wblypeo1AMDALv7ZnQlYR1rFv4SEBNUrAAAAaO3ee+81PEuG+AcgVlWtWpX4B0BLdu/rt3LlSunXr5/HG7mnVfxLSkpSvQIAAIDWiH8A/KRq1aryu9/9TvUaAGBgF/+ee+45uffeez3eyD2t4l9KSorqFQAAALTWr18/w7NkiH8AYlWVKlXk+eefV70GABi8/PLLctddd5kee/bZZ6V///4eb+SeVvEvNTVV9QoAAABaI/4B8BPiHwBd2cW/Z555RgYMGODxRu5pFf9KlSqlegUAAACt3XPPPYaXyBH/AMSqK6+8Ul544QXVawCAwerVq6VXr16mx4h/YUhPT1e9AgAAgNaIfwD8hPgHQFd28W/FihVy3333ebyRe1rFv7Jly6peAQAAQGvEPwB+UrlyZXnxxRdVrwEABmvWrJGePXuaHiP+hSEjI0P1CgAAAFrr27ev4f2xiH8AYhXxD4Cu7OLf008/Lffff7/HG7mnVfwrV66c6hUAAAC0RvwD4CeVKlWSl156SfUaAGBA/IuSChUqqF4BAABAa3369DG8PxbxD0CsqlSpkqxatUr1GgBgsHbtWunRo4fpsaeeekqys7M93sg9reJfpUqVVK8AAACgNeIfAD+pWLEi8Q+Aloh/UVK5cmXVKwAAAGjtt7/9reH9sYh/AGJVxYoV5eWXX1a9BgAYrFu3Trp372567Mknn5QHHnjA443c0yr+ValSRfUKAAAAWiP+AfAT4h8AXRH/oqRatWqqVwAAANAa8Q+An1SoUEFWr16teg0AMFi/fr1069bN9NgTTzwhAwcO9Hgj97SKf9WrV1e9AgAAgNbuvvtuw5kxiX8AYlX58uVlzZo1qtcAAAPiX5RcffXVqlcAAADQGvEPgJ8Q/wDoasOGDXLnnXeaHnv88cflwQcf9Hgj97SKfzVq1FC9AgAAgNZ69+5tODMm8Q9ArCpXrpysXbtW9RoAYED8i5KaNWuqXgEAAEBrxD8AfkL8A6CrjRs3SteuXU2PPfbYYzJo0CCPN3JPq/h3/fXXq14BAABAa3fddZfhzJjEPwCxqly5crJu3TrVawCAAfEvSm644QbVKwAAAGiN+AfATzIzM4l/ALS0adMm6dKli+mx5cuXy0MPPeTxRu5pFf940AoAAGCP+AfATzIzM2X9+vWq17CXmy2FChWymGzJVb1f1OVK9qXPN0tyPo616wfcIf5FSa1atVSvAAAAoLVevXrJ6tWrAy4j/gGIVRkZGbJhwwbVa5jKzbYKfuaT7dsKSPzTwsc5ksXXx1ObN2+Wzp07mx579NFHZfDgwR5v5J5W8a927dqqVwAAANAa8Q+An+gZ/z6WnKzQwt/FyfJlmSH+qcXXRxXiX5TceuutqlcAAADQWs+ePWXNmjUBlxH/AMSqsmXLysaNG1WvEeDjnCzHL+01fqyfnwEINYh/qmzZskU6depkemzZsmXy8MMPe7yRe1rFv9tuu031CgAAAFoj/gHwE/3iX97Q4vSZfPmfKVgQ3gcQ3iH+qUL8i5K6deuqXgEAAEBrPXr0kLVr1wZcRvwDEKvKli0rmzZtUr3GZXlP7pGVI447y8c5ksWz/xAVxD9Vtm7dKh07djQ9tnTpUhkyZIjHG7mnVfy74447VK8AAACgNeIfAD8pU6aMbN68WfUalwS8jDekghf47D9/vvcf1CD+qUL8i5J69eqpXgEAAECDH5+xAAAgAElEQVRrxD8AfqJ1/AvlmX+h35LFSUWCv2Q4744X+6TxzMRZkpX3+h2GTPP4aRWf3J8YJfBrG0rcCnxZdvTvK/f3U/DrCHI9+Z5Nahy7r1X0v78u3nbeY5e/zczvp9CiuNf3tdG2bdukQ4cOpsdycnJk6NChHm0SPuIfAABADOnevbusW7cu4DLiH4BYlZ6eLlu2bFG9xmX5gks0nsFnDCkmYxPr8scZ8+vLkpzcvJ+Lk1gVGIzMQ46q+OfwtiL4eutw7yfH12F1/7iMf559f1nEv+C3Hyzwen9fWyH+RUn9+vVVrwAAAKA14h8AP9Eu/ol5vIhMBAwxllnEjbxxJivLeLbhy3HNKuZZrWcVC1XHP4tngDm6bjcicz85D38WATDk+Of195fx87T8eMf3kdf3tT27+LdkyRIZNmxYFG89soh/AAAAMaRbt26yfv36gMuIfwBiVXp6umzdulX1Gvk4CBAunnUU8JJai+vIH4zMoqPheiw+zvCxITxLLfD6wn3PuWBnQ7a/fkNEM3wexvsrnFgbkfspf7hzENqs93b29Vfx/WV2neZRzngfmX1JvL6vg9m+fbu0b9/e9BjxLwwNGjRQvQIAAIDWiH8A/KR06dIaxj+RUJ9FFbwFBkYL24/Pe8Zhk5eDOgtGlz7Y4Ut/7QJTOPEvWPgLcv0hvAw7MByF8p58Vru4v59Cia7BP9bJ11/R95c4C4pmOwYLptG/r4Ozi3+LFy+W4cOHR+mWI4/4BwAAEEPuvPNO2bBhQ8BlxD8Asap06dKybds21WvYCuXlm1bRJdSzCJufRMHkuhzEOOtn9AV8kMNnbYUW/wK/dk7CVeDHhHYClhACmIVI3U+RPXFM8K+/Lt9fwUJcwMfmu2Gv72snduzYIe3atTM9RvwLQ8OGDVWvAAAAoDXiHwA/KVWqlGzfvl31Gs4FfR828/hiF1tM5Ylx+YNdyGHJNuw52c9d/HMW/uyuP8T3LMx/my6KUMTup4Bn17l91uSlKwv69Vf5/RXK19w6Unp/XzthF/8WLVokI0aMiMrtRoNW8a9Ro0aqVwAAANAa8Q+An8Rc/MvPNPLkjxdhnBgj2DOknJWeEE6oEeLLci3kf+mo/ZpW1+8iOjoInTZbR/B+cnZdzppVsK+D2u8vR88sDXrdXt/XzuzcuVPatm1reoz4FwbiHwAAgL2uXbvKxo0bAy4j/gGIVaVKlZIdO3aoXiN8+Z8RGBAjwowz+cJG6PEv3xlc7Z7p5fo95yyuz0EQ8k38M9xeKNfn5pmR0dmb+HeZXfx75JFHZOTIkVG41ejQKv41btxY9QoAAABaI/4B8BPfxD+RfAHQ+uWrKuJfwG6WYTL09+QzfmjgMyGdnYnVr/Ev9Ot1d7Zf4l+04l9ubq60adPG9BjxLwzEPwAAAHtdunSRTZs2BVxG/AMQq9LS0mTnzp2q1/hV2DHBKqSF/n5mtrfiJv5Z7WYZBfNyGGbyP/vR8W6Ri3/uvjaX/uuI3k+WLF4qbv15hhb/vP7+UhX/wruvnSH+RUmTJk1UrwAAAKA14h8AP0lNTZXc3GhVlhAFRBk3J2ewfhZdKIEk6K24jB5m/53dy4HzbB88zLgOf3bXr/aEH+HeT04Ff5l0aCf88Pr7KzLxT88TfuzatUtat25temzhwoUyatSoqNxuNGgV/5o2bap6BQAAAK117txZNm/eHHAZ8Q9ArNIq/gVEFhdBISCABZ44I9QzqIb3Hn1W8p/Yw8lLfvP/d8GemebmWZPW1x/a1y1wDzc9KDL3U3ghy038U/n9FZn45/197QTxL0qIfwAAAPaIfwD8JDU1VXbt2qV6jUvyPwvL3UtXTf67fM+Ms40klu8daLJjiNXjcqjJkpzcPLdjez128Snc8Bfk+kP4ugU8E8z0rMUOROh+Ci1kBcZCN/FP5fdXpOKf5/e1A7t375ZWrVqZHluwYIGMHj06SrcceVrFv2bNmqleAQAAQGvEPwB+olv8szx5gmUEMft48xgRGCzMP85JfAzrvc4s3m/O/mqcvSzXfYSxj1uGr5shpuULkA4ilO02kbif8r8M2tHJVKy+hsHiYAT3zv8xXsY/s88hyvd1MMS/KCH+AQAA2OvUqZNs2bIl4DLiH4BYlZKSIrt371a9Rj7GwOB87F4+G+pZWc1jWiRPauEs2pnHOUNICnEuR5sQX1YcbMI+82sU7ieHY353Wu8T+PFqvr8iGf+8v6/t7dmzR1q2bGl6bP78+TJmzJgo3npkaRX/mjdvrnoFAAAArRH/APiJnvHvV8ZnUkUiRDgNNNZBLtyznAY/wYThK6E4/oXwdYvYm7+Ffz+F+jWyf+W1+TM2jfed999fkY1/IXwOUTsd82XEvygh/iHaXP2A8uAfFegi9FPMR+c6YpkXn39B/xqjoOvYsaNs3bo14DLiH4BYlZKSInv27FG9hj3DSzgj8fuCVeAI/tgm3PgX7D3fjHSIf2a75JmoPQPM/f0UcC02XyvnbytpEgBDDmiR//6KfPy7dM0e39dGe/fulRYtWpgemzdvnowdO9ajTcKnVfyz+qICkRLWDygiYAHg8IHHxzmS5eh9OwpimCL+AdFG/PMpi2d1BHuGRr4r0evfx5B+UQ3CJL7w0MwfkpOTZe/evarXAAAD4l+UWD2dEoiUcP86RQD0u1Deb4T4Z474B0Rbhw4dZNu2bQGXEf9iV6gvK3T3pvz52P4RK4JMg6a7EwKYfZ14WOYPxD8Autq3b5/lK1Tnzp0r48aN83gj94h/KFBCfoq847M0oWAgOgFQj/jnF6G+MbuTl1VF4o9YEeTqrKKmV2T60i/inz8kJSXJvn37VK8BAAbEvyixOoUyECnu3h8j34NzHmkWYMQ/AOoR//zB+GoEh2++Hlb40iP+hfxYKmIREToi/gHQlV38mzNnjowfP97jjdwj/qFAcf3muHkfdHr4BqPQDfEPgHrt27eX7du3B1xG/Is1gc9kC36mTRHjMwXdvHxWYfzLysrzaorQdr/8kt8sycoi/vlNUlKS7N+/X/UaAGCwf/9+adasmekx4l8YWrdurXoF+BzxD+Eh/gFQj/jnA24fV+R7O5LwXj7rdfzLkZxsN7vn2Tk7JyCAEv/8ITExUV555RXVawCAgV38mz17tkyYMMHjjdzTKv61adNG9QrwuYjEP0f/ncVpyR3897mmD4zNry/YMwUieV2BrN6nKPhf8vPeBxd3Mr6Jdzi/kNi9h1Kw/Sx+KTI5w6D1vtH4xSoS3095dzH7Glnsavq5230dQ/v8zU/CE+y/I8KiYGvXrp3s2LEj4DLiX2xx/Xgk37/fof3sFlEd/z4O+fFU4HVk535M/PMh4h8AXb3yyivStGlT02PEvzAQ/xBt4b/nXyhRwn6sbj5/sAt+FkDrnSJ5XWbXaTk2X9v88c/8+tz9QuL8jIlW8Uq3+BfJ76dfdwl2xuu8v0gG+3qa/9Lp7PN3dOZty2fDEP9QsBH/Yl/Av4ERfUVBJH6OGbZ1/Qc/4zMc8+7n7KW/l38WZUuuhBr/3P7xzOp2zK7P3dmLcVliYqIcOHBA9RoAYGAX/2bNmiUTJ070eCP3tIp/bdu2Vb0CfC7cs/3a/4Xdeaixe6CdN7hkZTkIJDa/OETyukI+K6HF1zfvfWC5k4tfhJyHP7sH6zrFv0h/P2VJTo7FG6/nG2eh2Oo2g3/+jsKf7fcC8Q8FW9u2bWXnzp0BlxH/YkxIjy9CEdn4F+4f/Mxe3mz+qgQHn092rlhHObuvQ/CfeUYmt2N18pIwHrvgV8Q/ALo6cOCANGnSxPQY8S8MxD9EW0jRwdGDw8vyP0A2+/j8t2/2YN/0gbbhAaXxQa3Z7UXyugxfO5MPyn97Zp+f2X0Q9i89+X+pcRAezW83WFRyEp0iE6Y8/X6y+aUw/+0G/z4I8vkbbsv4McG/j4h/KNiIf/5g9u9z+BEwUvEvMn/wM31vw1Be+hvwkl/jXub/eST+eJbvdnKCff2sHmPBiYSEBDl48KDqNQDAwC7+zZw5UyZNmuTxRu5pFf/atWunegX4XDjxz/4BauADTfsPtX+TbycBzew2nYQf99fl8vMzeXadk2AVqlCe0Wn/sbrEPwXfT4ZnNDh7Obl9TA4S9mx+SbJ/SRzxDwUb8c8vHESqkN/ULhI/xyL3Bz/zn1F5w5r9S2YDX/Kb/7919odPd388c/pSZ+N9GLlncRYcxD8Aujp48KA0btzY9BjxLwzEP0RbWPHP7oFySGfty/NAMWiscfqg2MkDc/fXFerLpe1e0hN4H0Qm3ETuvZM0iX9Kvp+Cx2Rn+9l9/iFETcfXQ/xDwdOmTRvJzQ38H4j4F6tCe4ZdaO9xF4mfY+H9wc/q54XZyb9s97j0QcHiX6T+eGZyv9hcWSiPt2CUkJAgr776quo1AMDALv7NmDFDJk+e7PFG7mkV/9q3b696Bfhc6Cf8MHtQHu6DOvs3uw4W9AK2C/L5ROq6Qnt/Hgl4QJ0/IkXlTc5N34fHTRTSJP653jmc76cQfmEKePmY3bMg8n3+IUVNO8Q/FGzEP38K5b1rnb3XXQTelzXMP/hZ/ruf9+eIg5cMX/6QIPEvYn88y//4L9hjv1D+uIX84uPj5bXXXlO9BgAYvPrqq9KoUSPTY8S/MHTo0EH1CvA5d2f7FUNccveSDmdniAs4SUeQ2wkl/rm/rhDf9yf/hPksQmec7ej9MyaiGaYi/f0Uwt6RiH9h3ffEPxRsrVu3ll27dgVcRvzzmaDv0Wf172j4P8ci+Qc/6xgX/KW/xpf85v/vwo1sdn88C7wdJ4/7QnnMhUDEPwC6sot/06dPlylTpni7UBiIfyhQwglPTt+rLLQ3mi4A8S/f1yo68S/UPd2GOxXxz6vvp+jHv8jd98Q/FGzEvwLI4kyz9i97dfNzLLJ/8LN7Jp79S38v7xn4sysS8c/JH89Cv53oPb7xv/j4eDl06JDqNQDA4LXXXpOGDRuaHiP+haFjx46qV4DPhfPALPC96sz+Sh3q2eWIf9F5cOx8X53P9uv99xPxD4gVrVq1kt27dwdcRvwrIPI/IzDkEyJFOf7l38fuZbh2L/299N/Zn4XY+XvHhvrzM+/tOPw5E7Fntxc8xD8AurKLf9OmTZOpU6d6u1AYiH8oUMKKD7Zvah3KGfucv0ebjvEv3Meznv9l3OLZEuYP6HWJfyq+n4h/QKwg/hVwAf8GR/rnmIfxz+alv5d+dgV5Lz7zHyWR+ONZ6PGPZ/65V7JkSTl8+LDqNQDA4NChQ9KgQQPTY8S/MHTq1En1CvC5aD3zL/9ZhJ3/JToW4l9k38dG9YPj/PdV4OejR/xT8/3k8Xv+OTjhh/X3CvEPBRvxL8aFffIjuzAV2fgX9o/pIJ+r+Ut/rV7y62S/SP3xjJf9eqlkyZJy5MgR1WsAgIFd/Js6dSrxz63OnTurXgE+5/6BWb6/hOd7ABtSHLN9BqGe8S/UM/Tm/Xjbs/1G5MFx6A/Qrb8uesQ/Nd9PHsS/kM6GaHe/Ev9QsLVs2VL27NkTcBnxL4YE/Lvt5t+waMa/CJ+4IljoNHvpr+VLfkWC/cyP3B/POOGHl4h/AHR1+PBhqV+/vumxqVOnyrRp0zzeyD3iHwqU6JztN4QHiIaz98VG/Mu/t/PP0fjAPRp/GQ8tTtrdXzrEP1XfT17EvxBOnOP4ZfbEPxQ8xL9Yl+/ZaaH+LAzj32An/35G8g9+wZ/laHzpr/VLfvN/vDHuRe6PZ/Z/9DX5Itg+9oG9uLg4ef3111WvAQAGxL8o6dKli+oV4HNuwlNArHAQWKz+0my8nhiKfw6/Dvn/4m52PVF5WYwhgjkJc25+aXIS5iL7zD/vvp+8iX9O7iv7l2aHuCvgQy1atJC9e/cGXEb8iy1Ofl6aCxYOI/BHrAj+wc/JS5wDX/pr95JfEfv4F8k/nhnf+9D6+kIMhTAg/gHQ1ZEjR6RevXqmx6ZMmSLTp0/3eCP3iH8oUAwPtl2M6eNzw4NIp2P/zCid4l/obwJudkbk6L0njpv71v69gkJ7I3Sz9ypyHaaUfD95FP8kxPvK9Jco4h8KNuKfH1j8PLH8uWj28WY/ZyPxR6zI/cHP0fsbmv7Ms/q33fkz/6weszn745nF/WN7dmXr24S9uLg4eeONN1SvAQAGxL8o6dq1q+oV4HPhxT/7yOD0urNzI/eSFW/jn4jzAGge/pzfjjuh3L/BzxBocX9bnD348tc3MmHK++8n7+Lf/xYL/vlZPnuC+IeCjfjnF27OShvs375I/BHL/uNC+rnv6OQmJrfl8GMNP8sj9sezfJE0y9nPZN7rzx3iHwBdvf7665KVlWV6bPLkyTJjxgyPN3KP+IcCxV38sw5ZJrfg6EF1pM6s6338C/Z5Bg8xXpwNz+5+dv7m3yGGK9OzB4Ybprz8fvI4/pns5/z7iPiHgo345y/m/w7ajO3LSiPxR6yLwv+Dn9MzGwd/uwfzncx+pkfmj2fGY8HuJ8Kfe8Q/ALoi/kUJL/sFAACwR/zzqWDPWnP0B7NI/BHLsJjrP/g5jX/OT5gRPP7Z7+z0j2cWt2N2H/E637AR/wDoyu5lv5MmTZKZM2d6vJF7xD8AAIAYQvwDos1pZEQklCxZkhN+ANAS8S9KOnfurHoFAAAArbVs2VL27NkTcBnxD4gk4p+XiH8AdHX48GGpX7++6bGJEyfKrFmzPN7IPeIfAABADCH+AdFG/PNSyZIl5ciRI6rXAAAD4l+UdOrUSfUKAAAAWmvVqpXs3r074DLiHxBJxD8vEf8A6OrQoUPSoEED02MTJkyQ2bNne7yRe1rFv44dO6peAQAAQGvEPyDaiH9eio+Pl8OHD6teAxflPbGN7dnF4T2HJ3WKmdvRH/EvSoh/AAAA9oh/QLQR/7wUHx8vhw4dUr0GLiL+aYz457XXXntNGjZsaHps/PjxMmfOHI83ck+r+NehQwfVKwAAAGitdevWsmvXroDLiH9AJBH/vET80wzxT2PEP68R/6KE+AcAAGCP+AfAT+Lj4+W1115TvQYuIv4Bl7z66qvSqFEj02Pjxo2TuXPnertQGLSKf+3bt1e9AgAAgNbatGkjubmBT0Ui/gGIVQkJCcQ/nRD/gEuIf1HSrl071SsAAABojfgHwE8SEhLk1VdfVb0GLiL+AZccPHhQGjdubHqM+BcG4h8AAIC9tm3bys6dOwMuI/4BiFWJiYly8OBB1WvgIuIfcIld/Bs7dqzMmzfP443c0yr+tW3bVvUKAAAAWiP+AfAT4p9mHMS/3Gyzk0EEnijH9mQReW/j0mSL3bl1VNxmvg3ynAQj34RyVqDcbNv//vLnWUiyDJ+I/Yk48v63l6/SfG/jdTu/nYLkwIED0qRJE9NjxL8wEP8AAADsEf8A+EliYqIcOHBA9Rq4yEX8+zgnyzyKmYSmvIEq2Meqvs3//dfW0S/f2DfAYNfz6+cVyfgX7PO2DnvEv4vs4t+YMWNk/vz5Hm/knlbxr02bNqpXAAAA0Fq7du1kx44dAZcR/wDEKuKfZkKNfzkmz2SzCGPBY5R1bFJxm6GEv8hcT7ZkRyj+ZWXZx9FLY3ofE/8ueuWVV6Rp06amx4h/YSD+AQAA2CP+AfCTpKQkeeWVV1SvgYtCin82Ecn0Zbbmz5AzPIvP5Cl0Otym2TP78l+P2bMIDbvnvyKzlwKHGf+s454xRBo/L+LfRXbxb/To0bJgwQKPN3JPq/jXunVr1SsAAABorX379rJ9+/aAy4h/AGIV8U8zLuKf5ctmDVHLOiQFXKfJ7Xp/m4GRzPYlvXlvM0iQtL4eY5QLN/5Zv5w58LZCvZ2CZP/+/dKsWTPTY8S/MLRq1Ur1CgAAAFoj/gHwk6SkJNm/f7/qNXBRyPHP7qQZwSJTwJWGEP88uM0g+1jeZr6PDXhmYLATg+QLl+HFP6cnUDHbi/h3kV38GzVqlCxcuNDjjdwj/gEAAMSQDh06yLZt2wIuI/4BiFXJycmyb98+1WvgolDjn/1T4pw/ey7gGXLGcKXiNp3Le5t5ryfwbMTBTwoc3jPynH+NgkVJ4t9F+/btk+bNm5seI/6FoWXLlqpXAAAA0BrxD4CfEP80E2L8c36m3CARKYT459VtBmd2Io+81xN6RIvU2X7tv0bEP6fs4t/IkSPlkUce8Xgj94h/AAAAMYT4B8BPkpOTZe/evarXwEXEvyDXGWys4p+zuEj80wvxL0patGihegUAAACtdezYUbZu3RpwGfEPQKwi/mmG+GdxXcS/gmjv3r2WnWrEiBGyaNEijzdyT6v4Z1VUAQAA8CviHwA/SUlJkT179qheAxcR/0yux2IuRTOryMfLfmMd8S9KiH8AAAD2OnXqJFu2bAm4jPgHIFalpKTI7t27Va+Bi4h//zuUFRD67M+fEakTfgR+PPFPvT179li+Pd3w4cNl8eLFHm/knlbxz+oUygAAAPgV8Q+An6SmphL/dEL8C/H2RCQ32+Jlv8Eim931EP90QPyLEuIfAACAvc6dO8vmzZsDLiP+AYhVqampsmvXLtVr4CLinwR/Bp7VdZjsnu+4df8zvsyY+Kfe7t27pVWrVqbHhg0bJkuWLPF4I/e0in9NmzZVvQIAAIDWiH8A/IT4pxnin+H2rKJd/o9xsrtpbDMEROKfLoh/UUL8AwAAsEf8A+AnaWlpkpvr5Dyo8ATxz+RYKGN2m27OGkz808GuXbukdevWpseGDh0qOTk5Hm/knlbxr0mTJqpXAAAA0FqXLl1k06ZNAZcR/wDEKuKfZoh/eQ5nOYp02blOTuzhIABm5UgOZ/vVCvEvSho3bqx6BQAAAK0R/wD4SalSpWTnzp2q18BFxL/8HxQQ9qxeCuz4xB75TuqRf8+8n6fxaoh/XsvNzZU2bdqYHhsyZIgsXbrU443cI/4BAADEkK5du8rGjRsDLiP+AYhVpUqVkh07dqheA9CAk2cQwkvEvyhp1KiR6hUAAAC0RvwD4CfEP/hZKM/G4xl3+tm5c6e0bdvW9BjxLwzEPwAAAHt33nmnbNiwIeAy4h+AWFW6dGnZvn276jWAqAh830CrlxabfKzFS67hLeJflDRs2FD1CgAAAFoj/gHwE+IffM3wHn9mAdD4voLBnyUIL+zYsUPatWtneoz4F4YGDRqoXgEAAEBrxD8AfpKeni7btm1TvQYQNXlf+utoeNafNuziH2f7DQPxDwAAwF63bt1k/fr1AZcR/wDEqvT0dNm6davqNYAosj5jsGE4y4dWtm/fLu3btzc9RvwLQ/369VWvAAAAoDXiHwA/If6h4LCJgEQ/LdnFv2HDhsmSJUs83sg94h8AAEAM6d69u6xbty7gMuIfgFhVpkwZ2bJli+o1AMBg27Zt0qFDB9NjxL8w1KtXT/UKAAAAWiP+AfAT4h8AXdnFv+HDh8vixYs93sg9reJfVlaW6hUAAAC01qNHD1m7dm3AZcQ/ALGqTJkysnnzZtVrAIDB1q1bpWPHjqbHiH9huOOOO1SvAAAAoDXiHwA/KVu2LPEPgJbs4t+IESNk0aJFHm/knlbxr27duqpXAAAA0BrxD4CflC1bVjZt2qR6DQAwIP5FyW233aZ6BQAAAK317NlT1qxZE3AZ8Q9ArMrIyJCNGzeqXgMADLZs2SKdOnUyPTZy5Eh55JFHPN7IPa3i36233qp6BQAAAK0R/wD4CfEPgK6If1Fyyy23qF4BAABAa7169ZLVq1cHXEb8AxCrMjIyZMOGDarXAACDzZs3S+fOnU2PjRo1ShYuXOjxRu5pFf9q1aqlegUAAACtEf8A+ElmZibxD4CWiH9RwoNWAAAAe3fddZe8/PLLAZcR/wDEqszMTFm/fr3qNQDAYNOmTdKlSxfTY6NHj5YFCxZ4vJF7WsW/G264QfUKAAAAWiP+AfCTcuXKybp161SvAQAGxL8oue6661SvAAAAoDXiHwA/If4B0NXGjRula9eupsfGjBkj8+fP93gj97SKfzVr1lS9AgAAgNZ69+4tq1atCriM+AcgVpUvX17Wrl2reg0AMCD+RUmNGjVUrwAAAKA14h8APyH+AdDVhg0b/r+9+46Oqsz/OE6LBEiACIQWkkAgQAgt1EQCoQiiIF2kl0CQakAglEDoRJCO9I4oRUVhZXXhqFhxYV3W7gEroqAsgu3gqvv9/fE7YCb3zsydO+V5Zvb9Ouf7z33CzGcKk5lP7p0rffr0MV3LycmR/Pz8ACeyT6vyLzExUXUEAAAArQ0aNEgee+wxh22UfwCCVUxMjOzfv191DAAwoPzzk9q1a6uOAAAAoDXKPwChhPIPgK4OHTokffv2NV2j/PNCQkKC6ggAAABaGzx4sOzdu9dhG+UfgGAVExMjTzzxhOoYAGDgqvybMWOGLF26NMCJ7NOq/KtZs6bqCAAAAFqj/AMQSmrUqGE4gzkA6ODgwYPSr18/0zXKPy/ExcWpjgAAAKA1yj8AoYTyD4CuXJV/M2fOlCVLlgQ4kX1alX81atRQHQEAAEBrQ4YMkT179jhso/wDEKxiY2MNZzAHAB0cOHBA7rvvPtM1yj8vxMTEqI4AAACgNco/AKGE8g+ArlyVf7NmzZLFixcHOJF9WpV/1apVUx0BAABAa0OHDpXdu3c7bKP8AxCs4uLiDGcwBwAd7N+/X/r372+6RvnnhSpVqqiOAAAAoDXKPwChJC4uzvA9pgCgA1fl3+zZs2XRokUBTmSfVuVfdHS06ggAAABaGzZsmOzatcthG+UfgGAVHx9P+QdAS5R/flKpUiXVEQAAALRG+QcglMTHxxu+xxQAdPDEE0/I/fffb7qWm5srCxcuDHAi+7Qq/ypUqKA6AgAAgNYo/wCEEso/ALqi/POTqKgo1REAAAC0Nnz4cNm5c6fDNso/AMGqZs2ahu8xBQAdPP744zJgwADTtTlz5siCBQsCnMg+rcq/cuXKqY4AAACgNco/AKbhC7QAACAASURBVKGkVq1ahr2ZAUAHlH9+UrZsWdURAAAAtDZixAjZsWOHwzbKPwDBivIPgK727dsnAwcONF2bO3euzJ8/P8CJ7NOq/IuIiFAdAQAAQGuUfwBCSUJCgmFvZgDQAeWfn5QuXVp1BAAAAK2NHDlStm/f7rCN8g9AsKL8A6Crxx57TAYNGmS6lpeXJ/PmzQtwIvu0Kv/Cw8NVRwAAANAa5R+AUFK7dm3D3swAoAPKPz8pWbKk6ggAAABao/wDEEoo/wDoau/evTJ48GDTtby8PMnLywtsIC9oVf6FhYWpjgAAAKC1zMxM2bZtm8M2yj8AwapOnTqGP2gAgA5clX/z5s2j/LOrePHiqiMAAABojfIPQCipU6eO4TUNAHSwZ88eGTJkiOka5Z8XihYtqjoCAACA1kaNGiVbt2512Eb5ByBYJSYmUv4B0JKr8m/+/Pkyd+7cACeyT6vyr0gRreIAAABoh/IPQChJTEw0vKYBgA52794tQ4cONV2j/PNCsWLF5I8//lAdAwAAQFujR4+WLVu2OGyj/AMQrOrWrUv5B0BLrsq/BQsWyJw5cwKcyD6tyr8SJUrIb7/9pjoGAACAtij/AISSevXqGV7TAEAHu3btkmHDhpmuUf55ISwsTP7zn/+ojgEAAKAtyj8AoaRevXqyefNm1TEAwMBV+bdw4ULJzc0NbCAvaFX+lSxZUm7cuKE6BgAAgLaysrIMH5Qp/wAEK8o/ALrauXOnDB8+3HSN8s8LpUqVkl9++UV1DAAAAG1R/gEIJfXr15dNmzapjgEABq7Kv0WLFsns2bMDnMg+rcq/MmXKyE8//aQ6BgAAgLbGjBlj+KBM+QcgWCUlJVH+AdDSjh07ZMSIEaZrlH9eiIiIkB9//FF1DAAAAG1R/gEIJUlJSbJx40bVMQDAwFX5t3jxYpk1a1aAE9mnVflXrlw5uXbtmuoYAAAA2nrggQcMH5Qp/wAEq+TkZNmwYYPqGABgsH37dhk5cqTpGuWfF6KiouTq1auqYwAAAGiL8g9AKGnUqJGsX79edQwAMNi2bZtkZmaari1ZskRmzpwZ4ET2aVX+VaxYUb777jvVMQAAALRF+QcglDRp0kTWrl2rOgYAGGzZskVGjx5tukb554XKlSvLpUuXVMcAAADQ1tixYw2HyFH+AQhWTZs2lTVr1qiOAQAGmzdvlqysLNO1pUuXyowZMwKcyD6tyr9q1arJxYsXVccAAADQFuUfgFDSrFkzWbVqleoYAGCwadMmGTNmjOka5Z8XatSoIV9++aXqGAAAANoaN26cPProow7bKP8ABKsWLVrIihUrVMcAAIMNGzbI2LFjTdfy8/MlJycnwIns06r8i4+Pl88++0x1DAAAAG1R/gEIJa1atZLly5erjgEABo8++qiMGzfOdI3yzwsJCQly/vx51TEAAAC0RfkHIJSkpqbKsmXLVMcAAIP169fL+PHjTdcefvhhmT59eoAT2adV+ZeYmCgff/yx6hgAAADaGj9+vKxfv95hG+UfgGB1xx13SH5+vuoYAGCwdu1amThxouka5Z8X6tevLx988IHqGAAAANqi/AMQStLT02XJkiWqYwCAwZo1a2TSpEmma5R/XkhOTpZ3331XdQwAAABtTZgwQdatW+ewjfIPQLBq166dLFq0SHUMADBYtWqVZGdnm64tW7ZMpk2bFuBE9mlV/jVu3FjOnj2rOgYAAIC2KP8AhJL27dvLwoULVccAAIOVK1fK5MmTTdco/7zQtGlTefvtt1XHAAAA0NbEiRNl7dq1Dtso/wAEq44dO8r8+fNVxwAAgxUrVsiUKVNM15YvXy5Tp04NcCL7tCr/mjdvLqdPn1YdAwAAQFuUfwBCyZ133il5eXmqYwCAgauCj/LPC61atZJTp06pjgEAAKAtyj8AoaRLly4yd+5c1TEAwMDVob2PPPKIPPTQQwFOZJ9W5V9aWpq8/vrrqmMAAABoa9KkSbJmzRqHbZR/AIJV165dZfbs2apjAICBqzP6Uv55IT09XV555RXVMQAAALRF+QcglHTr1k1mzpypOgYAGCxdulRmzJhhuubq+wB1pFX5l5GRIS+99JLqGAAAANp68MEHZfXq1Q7bKP8ABKvu3btLTk6O6hgAYLBkyRKnf5yg/PNCx44d5cSJE6pjAAAAaIvyD0Ao6dmzp9Pv1AIAlRYtWuT0awlWrlwpkydPDnAi+7Qq/zp37iwvvPCC6hgAAADays7OllWrVjlso/wDEKx69+4dVHvPAPjfsXDhQsnNzTVdo/zzQteuXeXYsWOqYwAAAGiL8g9AKOnXr59kZ2erjgEABgsWLJA5c+aYrq1atSqoXru0Kv+6desmR48eVR0DAABAW5R/AEJJ//79ZdKkSapjAIDBvHnzJC8vz3SN8s8LPXr0kGeeeUZ1DAAAAG1NnjxZVq5c6bCN8g9AsBowYIBMmDBBdQwAMMjLy5N58+aZrq1evVoefPDBACeyT6vyr3fv3vLUU0+pjgEAAKAtyj8AoWTw4MEyduxY1TEAwGDu3Lkyf/580zXKPy/069dPDh48qDoGAACAtqZMmSIrVqxw2Eb5ByBYDRs2TMaMGaM6BgAY5ObmysKFC03X1qxZE1RfWaBV+de/f3/Zv3+/6hgAAADaovwDEEpGjBgho0ePVh0DAAxmz54tixYtMl2j/PPCwIEDZd++fapjAAAAaOuhhx6SRx55xGEb5R+AYJWZmSmZmZmqYwCAwaxZs2Tx4sWma2vXrpWJEycGOJF9WpV/Q4YMkT179qiOAQAAoC3KPwChJCsrS4YPH646BgAYzJgxQ5YuXWq6RvnnheHDh8vOnTtVxwAAANAW5R+AUDJ27FgZOnSo6hgAYJCTkyP5+fmma+vWrQuqM5VrVf5lZmbKtm3bVMcAAADQ1tSpU2X58uUO2yj/AASr8ePHy5AhQ1THAACD6dOny8MPP2y6RvnnhaysLNm8ebPqGAAAANqi/AMQSiZNmiQDBw5UHQMADMzec920fv16GT9+fIAT2adV+Td27FjZsGGD6hgAAADamjZtmixbtsxhG+UfgGA1efJk6d+/v+oYAGBg9lUrN1H+eWHChAmybt061TEAAAC0RfkHIJRMnTpV+vXrpzoGABhMnjxZVq5cabr26KOPyrhx4wKcyD6tyr8HH3xQVq9erToGAACAtsy+f4byD0Cwmj59uvTt21d1DAAwyM7OllWrVpmuUf55YcqUKbJixQrVMQAAALRF+QcglMycOVN69eqlOgYAGLjaQW3Dhg0yduzYACeyT6vyz+wwFgAAAPyJ8g9AKMnNzZUePXqojgEABhMnTpS1a9earlH+eWHGjBmydOlS1TEAAAC0lZOTI/n5+Q7bKP8ABKu8vDzp3r276hgAYODqvBQbN26UBx54IMCJ7NOq/Js9e7YsWrRIdQwAAABtUf4BCCULFiyQe+65R3UMADAYP368rF+/3nSN8s8Lc+fOlfnz56uOAQAAoC2zIyUo/wAEq8WLF0vXrl1VxwAAg7Fjx8qGDRtM1zZt2iRjxowJcCL7tCr/5s2bJ3l5eapjAAAAaIvyD0Aoyc/Pl86dO6uOAQAGDzzwgGzcuNF0jfLPCwsXLpTc3FzVMQAAALQ1c+ZMWbJkicM2yj8AwWr58uXSqVMn1TEAwCArK0s2b95surZ582bJysoKcCL7tCr/li5dKjk5OapjAAAAaIvyD0AoWbFihXTo0EF1DAAwGD16tGzZssV0jfLPC8uWLZOpU6eqjgEAAKAtyj8AoWTNmjWSkZGhOgYAGIwaNUq2bt1qurZlyxYZPXp0gBPZp1X5t2rVKpk0aZLqGAAAANqaNWuWLF682GEb5R+AYLV+/Xpp27at6hgAYDBy5EjZvn276RrlnxfWrVsn48aNUx0DAABAW5R/AELJpk2bpE2bNqpjAIDBiBEjZMeOHaZrW7dulVGjRgU4kX1alX8bN24MqmOmAQAAAm327NmyaNEih22UfwCC1ZYtWyQtLU11DAAwGDZsmOzcudN0jfLPC1u3bpURI0aojgEAAKAtyj8AoWT79u2SmpqqOgYAGAwdOlR2795turZt2zbJzMwMcCL7tCr/du7cKUOGDFEdAwAAQFu5ubmycOFCh22UfwCC1e7du6Vly5aqYwCAwZAhQ2TPnj2ma5R/Xti7d68MGDBAdQwAAABtUf4BCCX79u2T5s2bq44BAAaDBg2Sxx57zHRt+/btMnLkyAAnsk+r8u+JJ56Qvn37qo4BAACgLco/AKHkwIEDkpKSojoGABgMHDhQ9u3bZ7q2Y8eOoPraOq3Kv0OHDknPnj1VxwAAANDWnDlzZMGCBQ7bKP8ABKtDhw5J06ZNVccAAIMBAwbI448/brq2c+dOGT58eIAT2adV+Xf48GHp1q2b6hgAAADaovwDEEqefvppXr8AaKl///6yf/9+07Vdu3bJsGHDAhvIC1qVf0ePHpUuXbqojgEAAKCtuXPnyvz58x22Uf4BCFZHjhyR5ORk1TEAwOC+++6TAwcOmK7t2bMnqE5Yq1X59/zzz0vHjh1VxwAAANAW5R+AUHLs2DFp0KCB6hgAYNC3b185dOiQ6drevXtl8ODBAU5kn1bl34kTJ6Rt27aqYwAAAGgrLy9P5s2b57CN8g9AsHrhhRekfv36qmMAgEGfPn3kySefNF3bt2+fDBw4MMCJ7NOq/Hv55ZclLS1NdQwAAABtUf4BCCUnTpyQunXrqo4BAAa9e/eWp556ynTt8ccflwEDBgQ4kX1alX+vvfaatGzZUnUMAAAAbVH+AQglJ0+elDp16qiOAQAGPXv2lMOHD5uu7d+/X/r37x/gRPZpVf6dOnVKUlJSVMcAAADQVl5enuTl5Tlso/wDEKxee+01SUhIUB0DAAx69OghzzzzjOnagQMH5L777gtwIvu0Kv/OnDkjjRo1Uh0DAABAW/PmzaP8AxAy3nzzTalVq5bqGABgcO+998qzzz5runbo0CHp27dvgBPZp1X5d/bsWUlKSlIdAwAAQFuUfwBCyenTpyU+Pl51DAAw6Natmxw9etR07cknn5Q+ffoEOJF9WpV/7733niQmJqqOAQAAoK358+fL3LlzHbZR/gEIVv/85z8lLi5OdQwAMLjnnnvkL3/5i+na008/Lb169QpwIvu0Kv8++ugjdvkGAABwgfIPQCh59913pUaNGqpjAIBB165d5dixY6Zrhw8flp49ewY4kX1alX+ffPKJxMbGqo4BAACgLco/AKHk/fffl5iYGNUxAMDgrrvukr/+9a+ma88884z06NEjwIns06r8++KLL6RatWqqYwAAAGhrwYIFMmfOHIdtlH8AgtWHH37IZ0AAWurSpYs8//zzpmtHjhyR7t27BziRfVqVfxcvXpTo6GjVMQAAALRF+QcglHz88cdStWpV1TEAwODOO++Uv/3tb6ZrR48elW7dugU4kX1alX+XL1+WChUqqI4BAACgrYULF0pubq7DNso/AMHq3LlzUqVKFdUxAMCgU6dOcvz4cdO15557Tu6+++4AJ7JPq/Lv3//+t5QrV051DAAAAG1R/gEIJefPn5fKlSurjgEABh06dJATJ06Yrh07dky6du0a4ET2aVX+Xb9+XSIiIlTHAAAA0NaiRYtk9uzZDtso/wAEq08//VQqVaqkOgYAGLRv315efPFF07Xnn39eunTpEuBE9mlV/v38888SHh6uOgYAAIC2KP8AhJLPP/9cKlasqDoGABhkZGTISy+9ZLr2wgsvSOfOnQMbyAtalX+//vqrhIWFqY4BAACgLco/AKHkyy+/5HvfAWipbdu2cvLkSdO148ePS6dOnQKcyD6tyr8//vhDihUrpjoGAACAthYvXiyzZs1y2Eb5ByBYXbhwQaKiolTHAACD9PR0eeWVV0zXTpw4IR07dgxwIvu0Kv9ERIoVKya///676hgAAABaovwDEEouXrxI+QdAS23atJFXX33VdO3FF1+U9u3bBziRfdqVf2FhYXLjxg3VMQAAALS0ZMkSmTlzpsM2yj8Aweqbb76RcuXKqY4BAAZpaWny+uuvm6699NJLkpGREeBE9mlX/pUqVUp++ukn1TEAAAC0RPkHIJRcvnxZypYtqzoGABikpqbKG2+8Ybp28uRJadu2bYAT2add+RcRESHXrl1THQMAAEBLS5culRkzZjhso/wDEKy+/fZbiYyMVB0DAAxatWolb775punaK6+8Iunp6QFOZJ925V+5cuXkypUrqmMAAABoifIPQCi5cuWKREREqI4BAAYtW7aUt956y3Tt1VdflTZt2gQ4kX3alX9RUVFy6dIl1TEAAAC0RPkHIJRcvXpVypQpozoGABi0aNFC/v73v5uuvf7665KWlhbgRPZpV/5VrFhRvvrqK9UxAAAAtJSfny85OTkO2yj/AASra9euSalSpVTHAACDZs2ayZkzZ0zX3njjDUlNTQ1wIvu0K/8qV64sn3/+ueoYAAAAWqL8AxBKrl+/LuHh4apjAIBBSkqK/OMf/zBdO3XqlLRq1SrAiezTrvyrWrWqnD9/XnUMAAAALT388MMyffp0h22Uf5774Ycf5OrVq36db775Rj755BO/z5kzZ0Jizp49G5D767vvvvP7Y//zzz+rfooHjR9//FFKliypOgYAGDRt2lTefvtt07W33npLWrZsGeBE9mlX/sXExMhHH32kOgZCwK+//ur3N3b+nkuXLgXkTbA/58MPP1T+YYI5I++9957y54K38/XXXyv/P+nt3LhxQ/VLI0KAs/IvOjpacnJyXM7UqVMlKyvL7QwcOFD69evncnr16iWdOnVyO61bt5ZmzZq5nMaNG0utWrXcTqVKlSQqKsrlRERESJEiRdxOZGSk28vydqpUqWLpdnk77u7fYBmrzwNvp2LFin5/7EuVKmXpeVi+fHmfPY+aNm3q9j5OTU219P+2T58+bl8DBg0aZOn1ZOrUqS5fl6ZMmSK33XabolfU4HLt2jW/vk/59ttv/f5+7p133lH+vtjbeeedd/x+P3377bd+fayvXbum+ukcFBo3bixnz541XTt9+rQ0b948wIns0678i42NlczMTLdvXl3N9OnTZfr06ZKVlSWjR4/2eEaNGiWjRo2SzMxMyczMlAEDBkifPn0sT+/evU2nR48e0r59e0uTkZEhGRkZ0q5dO9NJSUmRxo0bu5xGjRq5nbp160pcXJzpxMbGSmxsrNSoUcPSlCtXzmHKli1ra0qUKGHpzZK7CQsLk8jISJ9NREREwKd8+fJSuXJlh4mOjlY+FStWtDyVK1e2/BzyZKpVq6Z8qlSpEjRj5QOz7hMZGSmlS5d2OqVKldJ+fPX6Vrx4cSlTpoytKfw6Ex0dbXidcTVVqlSRqlWrGiY+Pl7q1Klza2rXrm06derUkbp16zqdBg0aSPPmzZ1OixYtpHXr1pamc+fOpnP33XfLPffcY3n69u0rAwcOvDVDhgyR4cOHezyjR4+W7OxsmTJlilfvczIyMqRixYoOH/pr1qwpt99+u9upUKGCpdduq88Ls+dC4alevbrbiYmJsfTaHxcXJ/Hx8W4nEAWS3aldu7byko35c1q2bGmpDPPXuHq/f3Patm0rd9xxh9tp1aqVtGzZ0uW0aNFCUlJS3E6jRo2kYcOGLic5OVnq16/vdlz9Tqhdu7YkJCRIsWLFXL7uTZs2TSZMmCAjR440nREjRsiQIUNk0KBB0r17d9O5++67b016errh/ktNTb31+yM1NVUaN24sDRo0uDVJSUmG21arVi2H1zKz94vR0dGWPk9Y+f1funRpv372KFu2rMN7fk/eH1id2NhYW6+bqicxMfHWe5VatWr5/XNGVFSU7c/TViYyMtLyH8oKf86/OeXLl5fy5ctLtWrVnHYKN38vJyYmSpMmTVxO8+bNb/UgGRkZTruS3r17u+1khg8fLqNGjXLZ+0yaNMnte65KlSrJc889Z1rQnjx5Upo1a6a6QrNMu/KvadOmEh4ebukNrLvxpKAoPDffYMbFxUnNmjV98mYvISHB4YORu0lOTnb6C9ndL3ark5qa6vJNRLt27Rx+UbqaHj16+GTM/tJo5a+K/h5vP6z5YvLy8iQ/P1/pLF++XDZv3qx8Dhw4IAcPHlQ6zz33nBw/fpzRZE6dOqX8L8GBmlOnTsmLL77okzly5Ig8++yzXs+BAwdk7969t+bw4cO2LufJJ5+UPXv2+GTWr18v69at83qWL18uixcv9nrmzZt36w+U3s6RI0eU743L2Jtz584pfw1h/py33npL+e8v5rhMnDhRRo0aJSNGjJBBgwaZztChQ92+Xx8zZoxMnjzZ7cyePVvmzJnjdLKzsyUnJ0dmzZrlcvLy8ty+9ufn58uqVavcTuH3uitWrFD+vn/+/PnKP/9MmzZN+efArKwsuf/++93uDevv6datm/I/ULRp08ZQ2t38Y4CradCggds/FNSrV89ST1KrVi23JXOlSpXcdj4VKlSw1CuZ9UGxsbGSnJwsTZs2VV2hWaZd+deuXTtZs2aN6hgAAAAAAACAgwsXLkjVqlWlSZMmqqNYRvkHAAAAAAAAWHDp0iWpVKmSNGrUSHUUy7Qr/9q2bUv5BwAAAAAAAO1cuXJFypcvLw0bNlQdxTLKPwAAAAAAAMCC69evS2RkpDRo0EB1FMu0K//S09Mp/wAAAAAAAKCdX375RcLDwyUpKUl1FMu0K//atGlD+QcAAAAAAADt/Pbbb1KiRAmpX7++6iiWUf4BAAAAAAAAFhUtWlTq1q2rOoZl2pV/d9xxB+UfAAAAAAAAtBQWFiZ16tRRHcMyyj8AAAAAAADAolKlSklCQoLqGJZpV/6lpaVR/gEAAAAAAEBLZcuWlZo1a6qOYZl25V9qairlHwAAAAAAALRUoUIFiY2NVR3DMso/AAAAAAAAwKIqVapIjRo1VMewTLvyr3Xr1pR/AAAAAAAA0FKNGjWkWrVqqmNYRvkHAAAAAAAAWFSzZk2pWrWq6hiWaVf+tWrVivIPAAAAAAAAWkpMTJTKlSurjmEZ5R8AAAAAAABgUYMGDaRSpUqqY1imXfnXsmVLyj8AAAAAAABoqVGjRlKxYkXVMSzTrvxr0aIF5R8AAAAAAAC01KRJE6lQoYLqGJZR/gEAAAAAAAAWpaSkyO233646hmXalX/Nmzen/AMAAAAAAICWmjVrJuXLl1cdwzLKPwAA4KFzsjqtiBQpYjZpsvqc6ny6OiZZt+6nLDnml+so+Nj46LE4liVpPKiOnN4ngXiMAQCAai1atJBy5cqpjmGZduVfs2bNKP8AANDRudWSZlr4UQJaE2zl3595Kf9ucnefUP4BAPC/oFWrVhIZGak6hmXalX8pKSmUfwAAaObc6jSLpZ/jUBoVFFzlX8HHnMfx/7m/Tyj/AAD4X9C6dWuJiIhQHcMyyj8AAODSsSyTYi/LSa1xLMvws85+FP5A+edP3CcAAEBEJC0tTcqUKaM6hmWUfwAAwLnCZV7aanFfeRT+TkD2gAocyj9/4j4BAAAiIm3atJHSpUurjmGZduVf06ZNKf8AANBCwUMYrRZ/NzkWgBQlgUL550/cJwAAQEQkPT1dwsPDVcewTLvyr0mTJpR/AADowGGvPxtFksO/d7P3n8nhwu4PGS5QThYoJo2HKbvIXuB63Zc5Zid7KFC23cxguC03b7v174Nzeah1wROvGO4gJ+Wf2f3rpMx19/2OtksvpyeM8fC5Zfpc8fT5WajYdnPbrN8nHnznn63nfMHH98/LN83nUVkPAAA80a5dOylZsqTqGJZpV/41btyY8g8AAA04FFC2vrjvnKzOcldAmJcw5uWZi3+btlrOGQ43tlKGmBeI5ld3s6wpWDQVKv9MCx0Pyj8LZ1TOWu1Z+WdaJLoom3xf/rl5XKyWZVbONm2h8HJ3f5gVib4t/7x5zhcq/6w8XzjmHgAAn8vIyJDbbrtNdQzLKP8AAIAJx4LCPwWClRLEVRniWNytdlvqmJdDf5ZBrvceu/VzDpdRsPxLMy9ibt15boohK+WW08s2yVMkTdJslG6+Lf+sFn9uSi9P7hsXBaD74s/b+8Rd+eftc97T+9PFfQoAAGzr0KGDhIWFqY5hmXblX6NGjSj/AABQzaFs8e6745wpXMQULpUMhYuh6DIvUhx/zFiWGMorS4f+FrguhyswKWOclk+uiiHj5bi7He7LP+v3rdnt9sn32xXaE9K0RHb7M4Vvk8nzsdBlmOYtvFdm4Styty5W7hPX5Z/3z3nzx9d4U9w85wEAgFfuvPNOKVGihOoYllH+AQAAI0++r8+OQntyOd2z0OX3DhYu/5yXlA6liqGcc1bsmedwXcq5uq9cFEMWy1bPyyHnl+XusG5flH+WL6Pg4+yqlHN5WK/1ctVpFofHwfhYelX++eQ577vHFwAA2Ne5c2cpXry46hiWaVf+NWzYkPIPAADVLBcu9jiUWG6KiYIlhmPh4lj+uS6oCv6ssTD58zrMyzvn656c1dh5MWS9aCtU/rgp/ywXbiaPsa/LP7sFlNXDsgtfn+MOmq5LPfPrc/19iJ6Wf755zvvu8QUAAPbdddddUqxYMdUxLKP8AwAARn7e889VweIyi8MPuy70CnNZ3Djds6/Q9bgp2yyfndjhPnVyhl4Lt8OrPAULMT+Vf6ZntPWoBPTghCz/H9r8ZCiu9iz0gDfln2+e8757fAEAgH1du3aVokWLqo5hmXblX3JyMuUfAACq+bX886zscl5ieFgMufxuPxcFn8ti0JPb4qwYsnKGWPM8Vs7261Qgyj8LJ6hwedl2ToJicpuc7hHo6a2xXf756jnvu8cXAADY16VLFylSRLtKzSntklL+AQCgAb+e8KNggWGlWHRW8tkv/8z2/nJ2aK/rQ4J9XP55s3ebp3kCUv6JeHKGW+PN8U3559Fedy74pvzz5jlPCvn2VwAAB8VJREFU+QcAgA46d+4sRYsWlf/+97+qo1iiXfnXoEEDyj8AAJRzLGxsFybHstzsLadP+We+h5+7k4FQ/llmtcgreJso/yj/AADQUKdOnaRYsWLy+++/q45iiXblX1JSEuUfAAAa8MXZQs1PXKDjYb+FLu/m7XV5yK+nt+V/8bBfp1fu8nDgWzfLRwUWh/1S/gEA4EsdOnSQ4sWLy2+//aY6iiWUfwAAwJzD9/7ZOfTX+Qk5fH/CD/elmZXrLHyI759lj7PL90X5568Tfuhc/rnI4nC7PCxGnV68B2cddlGu6nXCD8o/AABUad++vZQoUUJ+/fVX1VEs0a78q1+/PuUfAABaKLR3locFgsOeg4X+rSdljPnegyKeHZps8czAt0qXNFl9rsDtd3rhvij/PCnaCj0mWpd/Hu7tZlp4eXI2ZVdRrBdhrm63N+Wfb57zlH8AAOigXbt2EhYWJjdu3FAdxRLKPwAA4JzD3n/WSwSH4s+stCm0p5fTLsTl3oeFTyThfM8wV0VkoZ+8dZlpWVm3MjrvanxT/lk9wYpDgeTn8s/9YdLueVJ4OSvWHG+z673/nF+fY4no9Pa4exw8OXTc5WNs9zlP+QcAgA7S09OlZMmS8ssvv6iOYol25V+9evUo/wAA0EjhIs9VmWAop1wULYUv19VeVublkdlZZF2VJdb2HjPeXleFk4/KP5PrLZzT9HEIUPlnuzwqfDivk8txvG3uSl6zx7Dw4+y6uDO975weeuzkMkxvi2ePsefPeco/AAB00KZNGwkPD5eff/5ZdRRLtCv/6tatS/kHAIBmTIsnK+OyaTMr75yNWQFX8IQfaZbOCmtpDzZ3JZED35V/nt0fAS7/PL0PHa7GWAh7/Jzx8Ky/Vgtnz55vVu4TXz7GZv+e8g8AAB2kpaVJeHi4/PTTT6qjWEL5BwAArHFSfDgba9/PZqUMcbbnXaGz/bopiKyXVp58l6Avyz+xUHKlyerVgTnbr9Mz8tr44j3LpZury7ZYALp7nN1nsbqnp1luKyco8eY5T/kHAIAOWrduLaVLl5YffvhBdRRLtCv/EhMTKf8AANCZyxLGzlmBxUmx6EGZdqvcMClnbBQfhc/665yPy7+bl2q2t9zNgsnF2Wh9Xw755v50ell2CkVnJbRHpaR5AWetIHZ1n3hwdmJbz3nKPwAAdNCqVSspU6aMXL9+XXUUSyj/AABAkDIr/3zByll+FfLBiTgAAABgX4sWLSQyMlK+//571VEs0a78q1OnDuUfAACwwE/lX4E9pgLV/RU8FNXddRbcK1DHbhIAACDUNW/eXMqWLStXr15VHcUSyj8AABCk/FP+/VmuuTvk13ccvofO8klSbB5iDQAAAK+kpKRIuXLl5MqVK6qjWKJd+Ve7dm3KPwAAYIEfyj+X36fnR4W//83K2XfZ7Q8AAECJJk2aSPny5eW7775THcUS7cq/hIQEyj8AAGCBj8o/Wyde8DUXJ8Pw+Iy0AAAA8KfGjRvL7bffLpcvX1YdxRLKPwAAEKT8V/6pOZGG1QKQ4g8AAEClpKQkqVChgly6dEl1FEu0K/9q1apF+QcAACzwUflX4AQfWpxBt1AedXsjAgAAwEydOnWkUqVK8vXXX6uOYol25V/NmjUp/wAAAAAAAKCl+Ph4qVy5sly8eFF1FEso/wAAAAAAAACLqlevLlWrVpULFy6ojmKJduVffHw85R8AAAAAAAC0FB0dLdWqVZMvv/xSdRRLKP8AAAAAAAAAi6KioiQmJka++OIL1VEs0a78i4uLo/wDAAAAAACAliIiIiQ2NlY+++wz1VEsofwDAAAAAAAALCpZsqTEx8fLp59+qjqKJdqVf7GxsZR/AAAAAAAA0FKxYsUkISFBzp8/rzqKJdqVfzVq1KD8AwAAAAAAgHb++OMPKVasmNSuXVvOnTunOo4llH8AAAAAAACABTdu3JCSJUtKYmKifPzxx6rjWKJd+RcTE0P5BwAAAAAAAO38+OOPEhERIXXr1pWPPvpIdRxLKP8AAAAAAAAAC65evSpRUVFSv359+eCDD1THsUS78q969eqUfwAAAAAAANDO5cuXJTo6WpKSkuT9999XHccSyj8AAAAAAADAgq+++kqqV68uycnJ8u6776qOY4l25V9sbKzce++9kp+f77dZtmyZbN682a+zbds2OXjwoF/n6aefluPHj/t1Xn75ZTlz5oxf51//+pd88sknfp0LFy7I1atX/To///yz6v8+AAAAABA0bty44ffPaV9//bXfP2++//77fv/c/Oqrr/r98/+RI0f83mPs2rXL733MqlWr/Nop5eTkSGRkpJQoUULOnz+v+r+RJdqVf6dPn5bs7GyfzNSpUyUnJ8cw06ZNk6ysLL9OZmam9OvXz6/Tq1cv6dSpk1+nXbt20qxZM79Oo0aNpFatWn6dmJgYiYqK8uuULl1aihQp4tcJDw/3++2oVq2a3x+P5ORkvz+v0tPT/f7/o0ePHn7/f85Yn5EjR/r9tZ2xPtOmTTP9Hcww/+sTiPehjPUJxHt2xvr07NnT7+/f2rZt6/f3oQ0bNuTzjcUpWbKk329H1apV/f54JCUl+f151aZNG7///+jevbvf/58PGzbM76/t2dnZLn8X+6Jv2rVrl3z//feqKzTL/g/+v0Q4/WejGAAAAABJRU5ErkJggg==',92290,'image/png');
/*!40000 ALTER TABLE `sys_image` ENABLE KEYS */;
UNLOCK TABLES;

--
-- Table structure for table `sys_image_slider`
--

DROP TABLE IF EXISTS `sys_image_slider`;
/*!40101 SET @saved_cs_client     = @@character_set_client */;
/*!40101 SET character_set_client = utf8 */;
CREATE TABLE `sys_image_slider` (
  `id` int(10) unsigned NOT NULL AUTO_INCREMENT,
  `id_sys_image` int(10) unsigned NOT NULL,
  `id_slider` int(10) unsigned NOT NULL,
  PRIMARY KEY (`id`)
) ENGINE=InnoDB AUTO_INCREMENT=2 DEFAULT CHARSET=latin1;
/*!40101 SET character_set_client = @saved_cs_client */;

--
-- Dumping data for table `sys_image_slider`
--

LOCK TABLES `sys_image_slider` WRITE;
/*!40000 ALTER TABLE `sys_image_slider` DISABLE KEYS */;
INSERT INTO `sys_image_slider` VALUES (1,0,1);
/*!40000 ALTER TABLE `sys_image_slider` ENABLE KEYS */;
UNLOCK TABLES;

--
-- Table structure for table `sys_log`
--

DROP TABLE IF EXISTS `sys_log`;
/*!40101 SET @saved_cs_client     = @@character_set_client */;
/*!40101 SET character_set_client = utf8 */;
CREATE TABLE `sys_log` (
  `id` int(10) unsigned NOT NULL AUTO_INCREMENT,
  `operation` varchar(20) DEFAULT NULL,
  `entity` varchar(100) DEFAULT NULL,
  `itemid` varchar(255) DEFAULT NULL,
  `service` varchar(100) DEFAULT NULL,
  `username` varchar(15) DEFAULT NULL,
  `date` timestamp NOT NULL DEFAULT CURRENT_TIMESTAMP ON UPDATE CURRENT_TIMESTAMP,
  `ip` varchar(15) DEFAULT NULL,
  PRIMARY KEY (`id`)
) ENGINE=InnoDB AUTO_INCREMENT=46 DEFAULT CHARSET=latin1;
/*!40101 SET character_set_client = @saved_cs_client */;

--
-- Dumping data for table `sys_log`
--

LOCK TABLES `sys_log` WRITE;
/*!40000 ALTER TABLE `sys_log` DISABLE KEYS */;
INSERT INTO `sys_log` VALUES (1,'LOGIN','','','login.php','admin','0000-00-00 00:00:00','localhost'),(2,'LOGIN','','','login.php','admin','0000-00-00 00:00:00','localhost'),(3,'LOGIN','','','login.php','admin','0000-00-00 00:00:00','vecchiaposta.it'),(4,'LOGIN','','','login.php','admin','0000-00-00 00:00:00','vecchiaposta.it'),(5,'LOGIN','','','login.php','admin','0000-00-00 00:00:00','vecchiaposta.lo'),(6,'LOGIN','','','login.php','admin','0000-00-00 00:00:00','vecchiaposta.lo'),(7,'LOGIN','','','login.php','admin','0000-00-00 00:00:00','vecchiaposta.lo'),(8,'LOGIN','','','login.php','admin','0000-00-00 00:00:00','vecchiaposta.lo'),(9,'LOGIN','','','login.php','admin','0000-00-00 00:00:00','vecchiaposta.lo'),(10,'LOGIN','','','login.php','admin','0000-00-00 00:00:00','vecchiaposta.lo'),(11,'LOGIN','','','login.php','admin','0000-00-00 00:00:00','vecchiaposta.lo'),(12,'LOGIN','','','login.php','admin','0000-00-00 00:00:00','vecchiaposta.lo'),(13,'LOGIN','','','login.php','admin','0000-00-00 00:00:00','vecchiaposta.lo'),(14,'LOGIN','','','login.php','admin','0000-00-00 00:00:00','vecchiaposta.lo'),(15,'LOGIN','','','login.php','admin','0000-00-00 00:00:00','vecchiaposta.lo'),(16,'LOGIN','','','login.php','admin','0000-00-00 00:00:00','vecchiaposta.lo'),(17,'LOGIN','','','login.php','admin','0000-00-00 00:00:00','vecchiaposta.lo'),(18,'LOGIN','','','login.php','admin','0000-00-00 00:00:00','vecchiaposta.lo'),(19,'LOGIN','','','login.php','admin','0000-00-00 00:00:00','vecchiaposta.lo'),(20,'LOGIN','','','login.php','admin','0000-00-00 00:00:00','vecchiaposta.lo'),(21,'LOGIN','','','login.php','admin','0000-00-00 00:00:00','vecchiaposta.lo'),(22,'LOGIN','','','login.php','admin','0000-00-00 00:00:00','vecchiaposta.lo'),(23,'LOGIN','','','login.php','admin','0000-00-00 00:00:00','vecchiaposta.lo'),(24,'LOGIN','','','login.php','admin','0000-00-00 00:00:00','vecchiaposta.lo'),(25,'LOGIN','','','login.php','admin','0000-00-00 00:00:00','vecchiaposta.lo'),(26,'LOGIN','','','login.php','admin','0000-00-00 00:00:00','vecchiaposta.lo'),(27,'LOGIN','','','login.php','admin','0000-00-00 00:00:00','vecchiaposta.lo'),(28,'LOGIN','','','login.php','admin','0000-00-00 00:00:00','vecchiaposta.lo'),(29,'LOGIN','','','login.php','admin','0000-00-00 00:00:00','vecchiaposta.lo'),(30,'LOGIN','','','login.php','admin','0000-00-00 00:00:00','vecchiaposta.lo'),(31,'LOGIN','','','login.php','admin','0000-00-00 00:00:00','vecchiaposta.lo'),(32,'LOGIN','','','login.php','admin','0000-00-00 00:00:00','vecchiaposta.lo'),(33,'LOGIN','','','login.php','admin','0000-00-00 00:00:00','vecchiaposta.lo'),(34,'LOGIN','','','login.php','admin','0000-00-00 00:00:00','vecchiaposta.lo'),(35,'LOGIN','','','login.php','admin','0000-00-00 00:00:00','vecchiaposta.lo'),(36,'LOGIN','','','login.php','admin','0000-00-00 00:00:00','vecchiaposta.lo'),(37,'LOGIN','','','login.php','admin','0000-00-00 00:00:00','vecchiaposta.lo'),(38,'LOGIN','','','login.php','admin','0000-00-00 00:00:00','vecchiaposta.lo'),(39,'LOGIN','','','login.php','admin','0000-00-00 00:00:00','vecchiaposta.lo'),(40,'LOGIN','','','login.php','admin','0000-00-00 00:00:00','vecchiaposta.lo'),(41,'LOGIN','','','login.php','admin','0000-00-00 00:00:00','vecchiaposta.lo'),(42,'LOGIN','','','login.php','admin','0000-00-00 00:00:00','vecchiaposta.lo'),(43,'LOGIN','','','login.php','admin','0000-00-00 00:00:00','vecchiaposta.lo'),(44,'LOGIN','','','login.php','admin','0000-00-00 00:00:00','vecchiaposta.lo'),(45,'LOGIN','','','login.php','admin','0000-00-00 00:00:00','vecchiaposta.lo');
/*!40000 ALTER TABLE `sys_log` ENABLE KEYS */;
UNLOCK TABLES;

--
-- Table structure for table `sys_menu`
--

DROP TABLE IF EXISTS `sys_menu`;
/*!40101 SET @saved_cs_client     = @@character_set_client */;
/*!40101 SET character_set_client = utf8 */;
CREATE TABLE `sys_menu` (
  `id` int(10) unsigned NOT NULL AUTO_INCREMENT,
  `entry` varchar(100) DEFAULT NULL,
  `link` varchar(255) DEFAULT NULL,
  `position` int(10) unsigned NOT NULL,
  `linked_page` int(10) unsigned NOT NULL,
  `parent` int(10) unsigned NOT NULL,
  PRIMARY KEY (`id`)
) ENGINE=InnoDB AUTO_INCREMENT=7 DEFAULT CHARSET=latin1;
/*!40101 SET character_set_client = @saved_cs_client */;

--
-- Dumping data for table `sys_menu`
--

LOCK TABLES `sys_menu` WRITE;
/*!40000 ALTER TABLE `sys_menu` DISABLE KEYS */;
INSERT INTO `sys_menu` VALUES (1,'Home','index.php',1,0,0),(2,'Camere','camere.php',2,0,0),(3,'Attivit','attivita.php',3,0,0),(4,'Eventi','eventi.php',4,0,0),(5,'Dintorni','dintorni.php',5,0,0),(6,'Dove SIamo','dove-siamo.php',6,0,0);
/*!40000 ALTER TABLE `sys_menu` ENABLE KEYS */;
UNLOCK TABLES;

--
-- Table structure for table `sys_news`
--

DROP TABLE IF EXISTS `sys_news`;
/*!40101 SET @saved_cs_client     = @@character_set_client */;
/*!40101 SET character_set_client = utf8 */;
CREATE TABLE `sys_news` (
  `id` int(10) unsigned NOT NULL AUTO_INCREMENT,
  `owner` varchar(50) DEFAULT NULL,
  `title` varchar(68) NOT NULL,
  `lastmod` timestamp NOT NULL DEFAULT CURRENT_TIMESTAMP ON UPDATE CURRENT_TIMESTAMP,
  `creation` timestamp NOT NULL DEFAULT '0000-00-00 00:00:00',
  `date` timestamp NOT NULL DEFAULT '0000-00-00 00:00:00',
  `active` varchar(1) DEFAULT NULL,
  `body` text,
  PRIMARY KEY (`id`)
) ENGINE=InnoDB DEFAULT CHARSET=latin1;
/*!40101 SET character_set_client = @saved_cs_client */;

--
-- Dumping data for table `sys_news`
--

LOCK TABLES `sys_news` WRITE;
/*!40000 ALTER TABLE `sys_news` DISABLE KEYS */;
/*!40000 ALTER TABLE `sys_news` ENABLE KEYS */;
UNLOCK TABLES;

--
-- Table structure for table `sys_page`
--

DROP TABLE IF EXISTS `sys_page`;
/*!40101 SET @saved_cs_client     = @@character_set_client */;
/*!40101 SET character_set_client = utf8 */;
CREATE TABLE `sys_page` (
  `id` int(10) unsigned NOT NULL AUTO_INCREMENT,
  `owner` varchar(50) DEFAULT NULL,
  `title` varchar(100) DEFAULT NULL,
  `description` text,
  `subtitle` varchar(100) DEFAULT NULL,
  `body` text,
  `position` int(10) unsigned NOT NULL,
  `link` varchar(100) DEFAULT NULL,
  `section` int(10) unsigned NOT NULL,
  `father` int(10) unsigned NOT NULL,
  `foto` int(10) unsigned NOT NULL,
  PRIMARY KEY (`id`)
) ENGINE=InnoDB AUTO_INCREMENT=5 DEFAULT CHARSET=latin1;
/*!40101 SET character_set_client = @saved_cs_client */;

--
-- Dumping data for table `sys_page`
--

LOCK TABLES `sys_page` WRITE;
/*!40000 ALTER TABLE `sys_page` DISABLE KEYS */;
INSERT INTO `sys_page` VALUES (1,NULL,NULL,NULL,NULL,NULL,0,NULL,0,0,0),(2,NULL,NULL,NULL,NULL,NULL,0,NULL,0,0,0),(3,NULL,NULL,NULL,NULL,NULL,0,NULL,0,0,0),(4,NULL,'prova',NULL,'prova','sdasdasx',0,'sdasda',0,0,0);
/*!40000 ALTER TABLE `sys_page` ENABLE KEYS */;
UNLOCK TABLES;

--
-- Table structure for table `sys_section`
--

DROP TABLE IF EXISTS `sys_section`;
/*!40101 SET @saved_cs_client     = @@character_set_client */;
/*!40101 SET character_set_client = utf8 */;
CREATE TABLE `sys_section` (
  `id` int(10) unsigned NOT NULL AUTO_INCREMENT,
  `name` varchar(40) DEFAULT NULL,
  PRIMARY KEY (`id`)
) ENGINE=InnoDB DEFAULT CHARSET=latin1;
/*!40101 SET character_set_client = @saved_cs_client */;

--
-- Dumping data for table `sys_section`
--

LOCK TABLES `sys_section` WRITE;
/*!40000 ALTER TABLE `sys_section` DISABLE KEYS */;
/*!40000 ALTER TABLE `sys_section` ENABLE KEYS */;
UNLOCK TABLES;

--
-- Table structure for table `sys_service`
--

DROP TABLE IF EXISTS `sys_service`;
/*!40101 SET @saved_cs_client     = @@character_set_client */;
/*!40101 SET character_set_client = utf8 */;
CREATE TABLE `sys_service` (
  `id` int(10) unsigned NOT NULL AUTO_INCREMENT,
  `name` varchar(100) DEFAULT NULL,
  `script` varchar(100) DEFAULT NULL,
  `entry` varchar(100) DEFAULT NULL,
  `visible` varchar(1) DEFAULT NULL,
  `des` text,
  `position` int(10) unsigned NOT NULL,
  `servicecategory` int(10) unsigned NOT NULL,
  `entities` varchar(50) DEFAULT NULL,
  `superuser_group` int(10) unsigned NOT NULL,
  PRIMARY KEY (`id`)
) ENGINE=InnoDB AUTO_INCREMENT=13 DEFAULT CHARSET=latin1;
/*!40101 SET character_set_client = @saved_cs_client */;

--
-- Dumping data for table `sys_service`
--

LOCK TABLES `sys_service` WRITE;
/*!40000 ALTER TABLE `sys_service` DISABLE KEYS */;
INSERT INTO `sys_service` VALUES (1,'Login','admin-login.php','Login','*','Login service',1,0,'',0),(2,'Logout','admin-logout.php','Logout','*','Logout service',2,0,'',0),(3,'User Management','admin-users-manager.php','Users','*','',1,1,'',0),(4,'Group Management','admin-groups-manager.php','Groups','*','',2,1,'',0),(5,'Service Management','admin-services-manager.php','Services','*','',3,1,'',0),(6,'Service Category Management','admin-servicecategory-manager.php','Service Categories','*','',4,1,'',0),(7,'Page Management','admin-pages-manager.php','Pages','*','',1,2,'',0),(8,'Menu Management','admin-menu-manager.php','Menu','*','',2,2,'',0),(10,'News','admin-news-manager.php','News','*','',4,2,'',0),(11,'Image','admin-image-manager.php','Image',NULL,'',5,1,NULL,0),(12,'slider','admin-slider-manager.php','slider',NULL,'',0,2,NULL,0);
/*!40000 ALTER TABLE `sys_service` ENABLE KEYS */;
UNLOCK TABLES;

--
-- Table structure for table `sys_service_sys_group`
--

DROP TABLE IF EXISTS `sys_service_sys_group`;
/*!40101 SET @saved_cs_client     = @@character_set_client */;
/*!40101 SET character_set_client = utf8 */;
CREATE TABLE `sys_service_sys_group` (
  `id` int(10) unsigned NOT NULL AUTO_INCREMENT,
  `id_sys_service` int(10) unsigned NOT NULL,
  `id_sys_group` int(10) unsigned NOT NULL,
  PRIMARY KEY (`id`)
) ENGINE=InnoDB AUTO_INCREMENT=17 DEFAULT CHARSET=latin1;
/*!40101 SET character_set_client = @saved_cs_client */;

--
-- Dumping data for table `sys_service_sys_group`
--

LOCK TABLES `sys_service_sys_group` WRITE;
/*!40000 ALTER TABLE `sys_service_sys_group` DISABLE KEYS */;
INSERT INTO `sys_service_sys_group` VALUES (1,1,1),(2,2,1),(3,3,1),(4,4,1),(5,5,1),(6,6,1),(7,7,1),(8,8,1),(9,9,1),(10,10,1),(13,13,1),(14,14,1),(15,11,1),(16,12,1);
/*!40000 ALTER TABLE `sys_service_sys_group` ENABLE KEYS */;
UNLOCK TABLES;

--
-- Table structure for table `sys_servicecategory`
--

DROP TABLE IF EXISTS `sys_servicecategory`;
/*!40101 SET @saved_cs_client     = @@character_set_client */;
/*!40101 SET character_set_client = utf8 */;
CREATE TABLE `sys_servicecategory` (
  `id` int(10) unsigned NOT NULL AUTO_INCREMENT,
  `name` varchar(40) DEFAULT NULL,
  `position` int(10) unsigned NOT NULL,
  PRIMARY KEY (`id`)
) ENGINE=InnoDB AUTO_INCREMENT=3 DEFAULT CHARSET=latin1;
/*!40101 SET character_set_client = @saved_cs_client */;

--
-- Dumping data for table `sys_servicecategory`
--

LOCK TABLES `sys_servicecategory` WRITE;
/*!40000 ALTER TABLE `sys_servicecategory` DISABLE KEYS */;
INSERT INTO `sys_servicecategory` VALUES (1,'System',1),(2,'Content',2);
/*!40000 ALTER TABLE `sys_servicecategory` ENABLE KEYS */;
UNLOCK TABLES;

--
-- Table structure for table `sys_user`
--

DROP TABLE IF EXISTS `sys_user`;
/*!40101 SET @saved_cs_client     = @@character_set_client */;
/*!40101 SET character_set_client = utf8 */;
CREATE TABLE `sys_user` (
  `username` varchar(50) NOT NULL,
  `password` varchar(32) NOT NULL,
  `email` varchar(100) DEFAULT NULL,
  `name` varchar(50) DEFAULT NULL,
  `surname` varchar(50) DEFAULT NULL,
  `phone` varchar(20) DEFAULT NULL,
  `active` varchar(1) DEFAULT NULL,
  `active_newsletter` varchar(1) DEFAULT NULL,
  `processed` varchar(1) DEFAULT NULL,
  PRIMARY KEY (`username`)
) ENGINE=InnoDB DEFAULT CHARSET=latin1;
/*!40101 SET character_set_client = @saved_cs_client */;

--
-- Dumping data for table `sys_user`
--

LOCK TABLES `sys_user` WRITE;
/*!40000 ALTER TABLE `sys_user` DISABLE KEYS */;
INSERT INTO `sys_user` VALUES ('admin','00a149ee78bb584e9c9ea35d78b1019b','dipompeodaniele@gmail.com','daniele','di pompeo','','','','');
/*!40000 ALTER TABLE `sys_user` ENABLE KEYS */;
UNLOCK TABLES;

--
-- Table structure for table `sys_user_sys_group`
--

DROP TABLE IF EXISTS `sys_user_sys_group`;
/*!40101 SET @saved_cs_client     = @@character_set_client */;
/*!40101 SET character_set_client = utf8 */;
CREATE TABLE `sys_user_sys_group` (
  `id` int(10) unsigned NOT NULL AUTO_INCREMENT,
  `username_sys_user` varchar(50) DEFAULT NULL,
  `id_sys_group` int(10) unsigned NOT NULL,
  PRIMARY KEY (`id`)
) ENGINE=InnoDB AUTO_INCREMENT=2 DEFAULT CHARSET=latin1;
/*!40101 SET character_set_client = @saved_cs_client */;

--
-- Dumping data for table `sys_user_sys_group`
--

LOCK TABLES `sys_user_sys_group` WRITE;
/*!40000 ALTER TABLE `sys_user_sys_group` DISABLE KEYS */;
INSERT INTO `sys_user_sys_group` VALUES (1,'admin',1);
/*!40000 ALTER TABLE `sys_user_sys_group` ENABLE KEYS */;
UNLOCK TABLES;
/*!40103 SET TIME_ZONE=@OLD_TIME_ZONE */;

/*!40101 SET SQL_MODE=@OLD_SQL_MODE */;
/*!40014 SET FOREIGN_KEY_CHECKS=@OLD_FOREIGN_KEY_CHECKS */;
/*!40014 SET UNIQUE_CHECKS=@OLD_UNIQUE_CHECKS */;
/*!40101 SET CHARACTER_SET_CLIENT=@OLD_CHARACTER_SET_CLIENT */;
/*!40101 SET CHARACTER_SET_RESULTS=@OLD_CHARACTER_SET_RESULTS */;
/*!40101 SET COLLATION_CONNECTION=@OLD_COLLATION_CONNECTION */;
/*!40111 SET SQL_NOTES=@OLD_SQL_NOTES */;

-- Dump completed on 2013-09-14 16:18:58
